Screen_Time_Hours,Missed_Checkins,Late_Night_Hours
1.9799177482777328,0.0,0.9430207096457361
2.9052809526029315,0.0,0.8439934719420248
3.4162901291379373,0.0,0.8107304652304127
3.614381770563153,0.0,0.6356453219526133
1.4359800772615123,0.0,0.7098047132723719
2.047628723837983,0.0,0.9409923225744371
1.032433250905589,0.0,0.5570475861922342
2.9910134960879446,0.0,0.10466044034648114
2.663062157534202,0.0,0.6141862443190114
3.762218951027906,0.0,0.9755273290209018
1.312674408425043,0.0,0.5506905446947946
3.1212594318000946,0.0,0.5265949425897893
2.275684556313082,0.0,0.3195894262599983
2.1552931858057756,0.0,0.4734356593750214
11.116692718347426,5.0,6.688936599202421
3.5694695235649667,0.0,0.5776130806371337
2.900434659478442,0.0,0.7122202051771587
1.5024477467772093,0.0,0.10579652027279896
2.936716544282284,0.0,0.961640492315304
2.1033579632684587,0.0,0.10061997722259008
3.0879226182810937,0.0,0.03671294348306664
2.3619697335990972,0.0,0.9409657878427938
1.6561416667196176,0.0,0.9435652171569769
1.63931411207525,0.0,0.9603667746221303
3.614242102572563,0.0,0.6623718599127535
1.9973684714461362,0.0,0.3244382286350662
3.1360420609923425,0.0,0.03778450659567967
2.867029793851738,0.0,0.2525860066847242
1.4056519411385642,0.0,0.40237053954137436
3.3926773019115646,0.0,0.8178220735661906
1.127266894620675,0.0,0.8378413809055185
2.566729780164413,0.0,0.6024691704572664
1.5429308581284693,0.0,0.11364603869671941
1.1040181126781992,0.0,0.019610532474253595
3.110973578140071,0.0,0.06194651857898792
1.8596237563848532,0.0,0.7276311376996887
1.657641962074133,0.0,0.4606727916549932
2.797906348418313,0.0,0.5578101257354344
2.8727139877419763,0.0,0.631722418326584
3.283023770486176,0.0,0.5218622953321788
3.407205353353973,0.0,0.21473512512156323
2.734895198261082,0.0,0.07257479804471079
1.7893377097325285,0.0,0.20351110833188646
2.851317833285969,0.0,0.5769591501209791
1.982492056533744,0.0,0.583105757279898
1.086348028940017,0.0,0.3892086186234388
2.925458550404306,0.0,0.36856246902771383
1.4285508619025158,0.0,0.2835071902709394
3.767498143531887,0.0,0.13566146716037775
3.693805880331211,0.0,0.2749791919736402
2.3844323938742025,0.0,0.9261929864146267
2.6838315927084886,0.0,0.043100108948324056
3.5982869008350744,0.0,0.8567299465058974
3.0151265777321825,0.0,0.3106009713953296
2.3525181142123963,0.0,0.27509888155912443
2.4042071627028703,0.0,0.959235435323822
3.6302969102852485,0.0,0.7677646177143377
3.307669443514401,0.0,0.5601159830093484
2.2551686001350006,0.0,0.40261143834016266
1.8244181066444083,0.0,0.269439446303655
10.821494511972526,4.0,6.456362951902807
2.487627205236312,0.0,0.6268026300648439
1.1866096784941083,0.0,0.9304486005450311
2.247455704055233,0.0,0.7919065384222369
2.525712073494108,0.0,0.3425910828111318
1.1031655633456552,0.0,0.06022694490029745
1.0617534828874073,0.0,0.48323207587543515
3.2138528421927766,0.0,0.7728739363818531
3.06365716690244,0.0,0.6847251638810046
2.6980552746634627,0.0,0.26855714062064107
8.694051341888699,4.0,4.367401348916804
8.448475421817893,5.0,4.1663838250258785
3.6902962738792757,0.0,0.3094695490886009
1.1709361809921048,0.0,0.029170668574074465
2.1676914150753657,0.0,0.14926801266924727
2.5444520617890705,0.0,0.30006708290543993
1.9460912297983524,0.0,0.2739148706299037
1.442357580118852,0.0,0.3555297971520076
3.205213131411657,0.0,0.9636851886870491
2.2515802556937294,0.0,0.315653626982324
2.292662570985418,0.0,0.5122605638762605
2.7971337614511445,0.0,0.10339493663004151
1.317622954639388,0.0,0.23305318798485863
3.681969130023611,0.0,0.07771241839172549
3.604426763132516,0.0,0.691927363266592
1.4202520457095722,0.0,0.5353477680616567
3.79818545006204,0.0,0.5576886911854527
2.120373835398116,0.0,0.9931637389334784
1.1639032600029169,0.0,0.7533129318792571
1.5599198193930477,0.0,0.8639358074599548
3.4519159366397103,0.0,0.38585944683610907
3.2718489348265023,0.0,0.42801935243964384
3.959545746378939,0.0,0.2734745153749798
3.1926024256109327,0.0,0.35967556122306776
2.9130647406878065,0.0,0.0553323871633461
3.015678230796185,0.0,0.5824350768882959
3.107901319256549,0.0,0.0785362427927987
3.4540442977674792,0.0,0.600945484537719
2.893922659275966,0.0,0.8656450363727319
2.6334672938825485,0.0,0.5540992803958261
1.281945819522607,0.0,0.600583196987136
3.1681208730946855,0.0,0.35499511581394183
3.863697786576432,0.0,0.8715456807081264
9.934030748485661,2.0,4.400965481070365
1.029771463383507,0.0,0.13420242632635027
3.3422847582053192,0.0,0.9487904976919181
2.3128093721661758,0.0,0.8352440601588657
1.5698084093726827,0.0,0.33281836109167195
2.0053565627774255,0.0,0.7104218150124118
2.721849598207031,0.0,0.8059701286709539
3.4516666006036476,0.0,0.9095484730121384
3.283364611129474,0.0,0.5246723066856223
9.349320681353191,3.0,6.61560458547703
2.064988917495812,0.0,0.569230212091448
1.7107719816901703,0.0,0.23185961388284837
1.6190011552173775,0.0,0.1691618938424202
1.4304083710540603,0.0,0.39722752956623253
2.4522312091306047,0.0,0.4467395253113928
3.887945244033775,0.0,0.3278839940182585
2.3749019245859695,0.0,0.057099078445176366
1.614040327171852,0.0,0.4404345706560461
1.0911611790905105,0.0,0.09041897779166075
1.7964892222872169,0.0,0.7856666019444561
3.8981425153860316,0.0,0.09473891477934415
3.802912342502471,0.0,0.8089777496137086
3.5906425675436355,0.0,0.8688010958178203
3.5299785033636493,0.0,0.8262173757752201
2.8743515883682074,0.0,0.23405777501749914
10.631932288102247,2.0,6.724837031286196
3.784250920978149,0.0,0.19106213934635818
1.5306908524719518,0.0,0.5270709385134583
2.191861871681102,0.0,0.4583634794263062
2.1494155847484926,0.0,0.2656855648662635
1.7528999840208939,0.0,0.5505453006199955
1.5380940460366315,0.0,0.5489325244993376
1.4822796881449247,0.0,0.5172721697543106
2.2053364019629726,0.0,0.794662892397889
1.1059340648207172,0.0,0.17833151242821632
2.462293594748541,0.0,0.28613504245831434
2.177335322267906,0.0,0.22516102421593187
1.6060470052074698,0.0,0.909005588835703
3.9042291443522004,0.0,0.2479324498058072
2.312424766071187,0.0,0.95887187319041
1.2678685735767188,0.0,0.5273108956423933
2.080151397702935,0.0,0.06160798529246925
2.50939741765462,0.0,0.0632626718206748
3.0046383956650486,0.0,0.6067162019700039
2.0239559378501566,0.0,0.853629928527957
3.323901341913364,0.0,0.8812580677630116
2.4489066162560658,0.0,0.34459659572697177
2.764001390288885,0.0,0.5132199758278188
1.6847060904810973,0.0,0.01276542651789736
1.0235247723157506,0.0,0.9954836107332199
2.0464957223758904,0.0,0.1863167765185335
3.531638233692787,0.0,0.8802517732816871
2.7288650805004395,0.0,0.9429827840711357
3.0475973786131645,0.0,0.8785307492071559
1.8063928450905946,0.0,0.41796954358652705
3.215792374396992,0.0,0.08591038820282049
3.1959818254342154,0.0,0.6755867735674388
1.3516117170407003,0.0,0.9225724049058001
2.19551420319212,0.0,0.04515136441229195
3.263628622254047,0.0,0.13128797200482423
3.942218030750288,0.0,0.16290265447739405
2.1907698286047883,0.0,0.5935752544142979
3.484747757311655,0.0,0.4217742419361259
3.1422607963972835,0.0,0.47190251056452304
1.7968001277661183,0.0,0.8131420044817255
1.581589203810678,0.0,0.6030138633645882
1.9488104491879203,0.0,0.48013493963837317
3.94389127149174,0.0,0.45341623062426806
1.4880992314256978,0.0,0.720616290663715
3.612065366372318,0.0,0.5907537213530648
8.949444450891576,4.0,7.462803969296015
3.719416332893641,0.0,0.569304984412202
3.749261633596199,0.0,0.8003641884553453
3.647679630317042,0.0,0.10927944536815992
1.5196056097300454,0.0,0.8341641082084413
1.3169940527852317,0.0,0.19124212907612137
3.564922058684423,0.0,0.24563157404881453
2.2332868078021195,0.0,0.9057567906364479
1.093402248653534,0.0,0.04458809273414399
2.8503508235576236,0.0,0.8226479271938894
3.776705538720329,0.0,0.7359204063739488
3.676907494418957,0.0,0.42944789707870257
2.345831892863628,0.0,0.8935099713933179
3.8215118586382077,0.0,0.6589427939347428
1.6249461700255539,0.0,0.5321179724587827
1.3995463770025702,0.0,0.4502651934966382
3.3794286219902183,0.0,0.5001979355227852
1.4585774175529962,0.0,0.3862877051455452
1.7039262455663606,0.0,0.6285039000835678
3.25712358831304,0.0,0.7690611331597242
1.478634040339565,0.0,0.3050996868195266
3.6115808988081524,0.0,0.9084375478722649
2.3620048635883446,0.0,0.5809685866315925
2.2567763485136436,0.0,0.055101535158831094
1.6255315430720074,0.0,0.3855525014916693
3.18001297621097,0.0,0.2981503562765556
1.8851221229624686,0.0,0.4080404616028166
2.6917587002668713,0.0,0.5057422983554444
1.3270408469227861,0.0,0.1939939562233972
1.7257950409465888,0.0,0.6542357799453179
1.5485133396064512,0.0,0.3172552164497
1.20104961325363,0.0,0.18345788475886504
1.6546226036565166,0.0,0.3968893930890396
3.1235052916893062,0.0,0.31284462800566815
3.1187266814694885,0.0,0.9381811725247224
2.4375456328891927,0.0,0.17397739952180358
2.551807169324828,0.0,0.7408832067219855
3.027468775312221,0.0,0.0977072753867585
3.349893948868143,0.0,0.4976495545052182
2.863991872467122,0.0,0.36332447556901004
3.103509584770779,0.0,0.9541316415710726
2.185413229792956,0.0,0.5657473065511459
3.477450251694288,0.0,0.4063322309637678
2.7159876348507783,0.0,0.6097081955367598
2.9873020351032045,0.0,0.3943411463506643
1.093549405183854,0.0,0.13032043317233588
1.158295773578808,0.0,0.8282127578865942
1.587137920298947,0.0,0.871271850950117
2.061367476209308,0.0,0.5852608755098465
3.9096364801229173,0.0,0.47430866486843026
3.39596734106991,0.0,0.09849464167940325
3.254125258087137,0.0,0.47710981769392613
1.658661769689406,0.0,0.783952518097841
1.773048665533641,0.0,0.418932977983946
3.4853160128169725,0.0,0.5755495078311033
2.9805921301531937,0.0,0.48501798752404124
2.7560630931902566,0.0,0.13605623443164294
2.6771778548398064,0.0,0.9602663584920665
2.5605096769322535,0.0,0.4893227474751214
1.7196223382678342,0.0,0.05234717843131309
2.823715642272111,0.0,0.6231724245321872
2.962398211083621,0.0,0.8842451739289542
2.7661945663939598,0.0,0.6619015764719286
3.7996152632779188,0.0,0.1174758988764929
2.785689198158205,0.0,0.7195584132654349
3.3069622455415315,0.0,0.4603553731348269
1.197125918285057,0.0,0.45930368821307377
2.8543847213736875,0.0,0.7744856031197909
2.3204574812188037,0.0,0.3301559503156044
3.45121621284784,0.0,0.6073244167930659
1.3029343204532833,0.0,0.5889360225625478
1.3606216873617287,0.0,0.6077627687434245
2.2297146690888647,0.0,0.23207857786616504
3.1052148216317716,0.0,0.7548725289085606
2.1854658924169152,0.0,0.5588408709546665
2.0370018499715896,0.0,0.16144768603292103
2.4196297200746715,0.0,0.9322668839209722
9.128246555532714,3.0,6.449245155361587
1.815863678194596,0.0,0.5851216609271247
1.5322863084091205,0.0,0.24781244290690685
1.5879485872574355,0.0,0.9554481914380675
2.405981925982379,0.0,0.43453096330449537
3.0685802530946833,0.0,0.2585572636402459
1.1926268112254022,0.0,0.6268329044150672
3.751804199733042,0.0,0.4179992169203516
12.6468645156559,4.0,4.387808494395951
1.455708080536883,0.0,0.0061838226408966745
1.8838581890385795,0.0,0.14049900979551733
2.8088286294383846,0.0,0.23362476364856655
2.651990138322555,0.0,0.24986746525792936
2.2320478990308485,0.0,0.7550682041316251
3.797664635257936,0.0,0.8735753057597342
2.375294272394314,0.0,0.3957448298473544
2.538624226915803,0.0,0.8131821472844613
2.9855037553419947,0.0,0.03417558904108742
1.3592863954577536,0.0,0.7180141781270015
8.53113389128837,5.0,6.263006256898329
10.412938291063805,5.0,5.0140040644230925
1.0351198321927122,0.0,0.720333369165993
3.098918708866365,0.0,0.8977958063920259
2.3826950146197454,0.0,0.7539376844414241
2.8323402132273046,0.0,0.7839718505055895
1.3397141375222659,0.0,0.6391078469947064
2.74520994226356,0.0,0.3819580190452688
10.561431923817821,5.0,7.576218420815547
13.80327924084961,2.0,6.615319855310711
2.840234167632123,0.0,0.8865954415023983
3.7000693701940337,0.0,0.8087994445011507
3.253531410862128,0.0,0.5138758347782336
1.4054988674644684,0.0,0.48421313934764165
3.2825539927923453,0.0,0.12693605767417637
2.554236298716446,0.0,0.42766908582416907
3.4523491254735745,0.0,0.5051155557440064
1.4407657707513124,0.0,0.07091619143856953
3.139620649847853,0.0,0.3903764460469539
2.385148431439357,0.0,0.3552896432193188
1.6297167792867573,0.0,0.12525123109620795
3.5893102776267805,0.0,0.7964405615234773
1.680317875958937,0.0,0.32589014339364275
1.7761349264663229,0.0,0.4956539208832471
2.8456583146930328,0.0,0.1268728280630933
3.682572623992355,0.0,0.7097370848010203
2.3682099526511076,0.0,0.3373306088457655
2.0106873753133208,0.0,0.035159250271194153
2.9455144603560646,0.0,0.22991837086163258
2.8409137089681513,0.0,0.5964745775439524
1.2583964171910411,0.0,0.7226117248344496
3.4208964726519806,0.0,0.5603486743503234
3.7946647429284432,0.0,0.022504327428686466
3.390044191574117,0.0,0.6881176592063503
3.021516694810014,0.0,0.5770533417135443
2.7788198045251096,0.0,0.7180681612008608
2.5581575785118122,0.0,0.5203236261913857
1.3476071785753891,0.0,0.503345130606154
2.0442867795048643,0.0,0.9138145226249442
2.150191423174777,0.0,0.1671343148693072
3.9243794864403494,0.0,0.24346704406676012
2.2783637138566926,0.0,0.284104149227433
3.9895789263958576,0.0,0.06431922319358352
3.6866885443955164,0.0,0.42449283267653515
1.3177174132112728,0.0,0.33594615337893385
2.3317583635191337,0.0,0.8806505774645779
1.8877960883098484,0.0,0.4818372535762582
3.4152709554869882,0.0,0.05404762734972657
2.059151174800907,0.0,0.4380336566976468
1.340672776598887,0.0,0.4677206159711509
1.3787942246935083,0.0,0.9108342269897538
2.9536989311244763,0.0,0.12331849107529225
3.4251920443493833,0.0,0.3768668803471885
1.0330937932859416,0.0,0.21769979885723245
1.8796323150941936,0.0,0.20909736458961425
1.5019639120031811,0.0,0.7680893784186665
1.8577203677174805,0.0,0.5334802087447829
3.0761516591192346,0.0,0.5011197008253482
1.241804541271374,0.0,0.5631643884539549
2.1038222539062534,0.0,0.32056758601649904
3.5149861141334133,0.0,0.4716263651952617
1.21625300799602,0.0,0.5027834418466806
10.439406847432945,2.0,5.9370647924389015
8.97137366031415,4.0,7.6489184879984
2.0418311170915224,0.0,0.11260922934922069
2.3109876569968626,0.0,0.16682970495026284
3.551723584045348,0.0,0.12654531119637724
3.3509590382234293,0.0,0.2790082903477966
2.9993891425805073,0.0,0.4904544085197847
2.3917974600650087,0.0,0.5031335547483198
1.1168735390453928,0.0,0.4276917880334611
2.5072818614991292,0.0,0.6742196324473969
3.6057973845683806,0.0,0.7423699370897818
1.717199152225089,0.0,0.6162242516069529
2.742097253662855,0.0,0.708676719965507
1.3103023445814501,0.0,0.32208057531626577
3.5024337910020273,0.0,0.5040700797484243
2.9761233265026283,0.0,0.5517123720199669
1.0913910589268805,0.0,0.4544827329553567
1.8896067438629656,0.0,0.008495578607209509
3.846942001141004,0.0,0.9326457173411677
3.7021055920337753,0.0,0.4930301251588023
1.7461428177628897,0.0,0.4873748079212449
1.1207740090276963,0.0,0.6915055458135945
2.9082881392286266,0.0,0.009165550183816484
3.203824902131605,0.0,0.24219589201314218
2.0355766254826317,0.0,0.12978296572261128
2.9549192814318297,0.0,0.18180846566694975
3.978450516997211,0.0,0.1310146186504656
3.9586322334388084,0.0,0.4751083649318354
2.0142532280987844,0.0,0.11453286832634824
3.305743992739606,0.0,0.39145427079447115
2.8978656794018445,0.0,0.24828747963084596
3.5696116712437806,0.0,0.07237639319412248
2.1682148169366258,0.0,0.04097822224989045
2.7785205415243306,0.0,0.5480214972291351
3.650394288958182,0.0,0.1904134960249102
1.4613511165396487,0.0,0.8465344931234052
2.456769098978193,0.0,0.6292191930082921
3.143787768100187,0.0,0.740663581066626
1.80452310323474,0.0,0.8546174631518354
3.685353222119609,0.0,0.2503587295708555
2.7529429357693007,0.0,0.5046372879774349
2.4900862684538394,0.0,0.47078499701270726
3.528135706481665,0.0,0.18907765377834884
3.228644481003817,0.0,0.2100473372920696
2.6184738771260117,0.0,0.2651707411833556
1.866654816727497,0.0,0.12015925873562194
2.523273514565706,0.0,0.7160630534195581
3.7161459292577907,0.0,0.47415794587907967
1.441826690656273,0.0,0.7422010091211325
1.583867535462295,0.0,0.3836090403551584
3.3863498823691875,0.0,0.24665644684477783
13.634652189861443,4.0,6.71927250087988
1.630955668857381,0.0,0.40195192461521956
2.00257814251933,0.0,0.6785473414181606
3.991547061708851,0.0,0.17567229796858452
1.6447379111091875,0.0,0.8162278518628002
2.730572143398101,0.0,0.13625056509197786
3.4945549993366707,0.0,0.49384701474156134
3.851598462863227,0.0,0.7407798671606725
3.9374546653018467,0.0,0.3572419681701362
3.1907475685887134,0.0,0.9292609751978921
2.0734337480067793,0.0,0.8903025571135202
3.2249243555081266,0.0,0.8642306022615571
3.453502648525065,0.0,0.5785639322793544
1.693224389764214,0.0,0.7566465493523988
3.6163717268324547,0.0,0.07527871665167363
3.478194053644857,0.0,0.4114109317604655
2.854654189948783,0.0,0.1336956543994362
2.2406473045760547,0.0,0.207511495384879
2.6702886790417892,0.0,0.7395811772217427
2.748420505250469,0.0,0.2399489037236313
2.965521143573014,0.0,0.6478370386082265
2.810586419503363,0.0,0.14368762518421274
3.6299522854846016,0.0,0.44185370809106395
3.579384024434937,0.0,0.43180510078591205
1.4560745593859443,0.0,0.2652285225026746
1.7786253495282711,0.0,0.9892166834205861
2.7306436039336255,0.0,0.6220294792520092
2.633034662902963,0.0,0.450536539067076
2.4998769758943653,0.0,0.8635770031391459
3.6472491052220164,0.0,0.9579793532488906
3.1846490458355787,0.0,0.5466772648973117
11.049870165660167,4.0,5.9085190695827325
3.7519407263867284,0.0,0.6742935737000246
2.5956152995150497,0.0,0.8280432857742522
1.4104558927568842,0.0,0.9799554473582784
1.2738600303584007,0.0,0.22578955215062912
1.5259088270729788,0.0,0.20934839938409877
3.621031342559016,0.0,0.16653851349727
1.9069997480544814,0.0,0.5417603199410154
3.6582803059396243,0.0,0.5908719229742585
1.694141909130544,0.0,0.6867557202819089
1.6303215787370555,0.0,0.7344870403224036
1.809248834550969,0.0,0.248976899161365
2.1390772245018006,0.0,0.6283471175494444
2.3960108018184583,0.0,0.7324546291337297
1.742044305229593,0.0,0.050175350319974
1.9787617541234404,0.0,0.8735555762270888
1.5907771133602853,0.0,0.3509756239260914
1.6474630824905296,0.0,0.5286566039892756
2.0807017564012837,0.0,0.4932474930259858
1.207137718943799,0.0,0.7722402758932766
3.428548224174634,0.0,0.8299395932124434
2.4769764400035457,0.0,0.0470611978769474
1.725556872701355,0.0,0.8118067183508864
1.1880688648655977,0.0,0.8753632399007607
3.166198192611356,0.0,0.25339810755937264
1.2434475356087176,0.0,0.387050011934887
2.4832609141077446,0.0,0.034431308573314556
1.358782737814905,0.0,0.9556494672664894
3.6697401290885874,0.0,0.040509172941321836
1.3926209821550495,0.0,0.9331929170490183
2.7481433480340445,0.0,0.5936105444464144
1.075597284463209,0.0,0.01888087857623466
1.7867921328994751,0.0,0.6434289495173308
3.0373069574334686,0.0,0.4579002951270714
2.824958500023315,0.0,0.1303407235690719
1.3698513378968404,0.0,0.5434698699813632
1.039283369765001,0.0,0.3116529166546489
3.3260384512094068,0.0,0.2677743146041175
2.387868870217949,0.0,0.7758650652027869
2.670354732784564,0.0,0.4473324266661878
2.742851139664538,0.0,0.006788174023589777
1.6448211357722702,0.0,0.1413835542163402
1.9072585338356092,0.0,0.028337450383384644
3.4104427911545456,0.0,0.37698616728684164
3.167356345784516,0.0,0.1531445000839562
2.9489399469771054,0.0,0.14431204368748152
1.3415151804298042,0.0,0.8996124893723151
3.8922352494703247,0.0,0.07869767519539905
1.3277926309288643,0.0,0.5523380134555028
1.3240772623920742,0.0,0.205187142904807
2.849950943562214,0.0,0.14938163622643208
2.0661537060572184,0.0,0.6857127688246809
3.8393695394512166,0.0,0.5658630735596195
3.507477783731548,0.0,0.023884191319142767
3.855435356269717,0.0,0.17081370630621073
3.265811261490424,0.0,0.277891125987756
1.4857690198966411,0.0,0.6300345775424382
1.1250187018071527,0.0,0.4948259516005463
1.3443066156076524,0.0,0.3169130138185443
1.7744002981033826,0.0,0.07748362655548269
3.632382587891141,0.0,0.23301896439683478
9.035654677413648,5.0,6.353734225665699
1.8677343159179636,0.0,0.0968187309872186
1.8546187058857684,0.0,0.25566622333181444
2.8902793805849902,0.0,0.22835561417884764
8.61436677675906,2.0,5.323548350775177
1.0006811146547667,0.0,0.8151802319698891
3.561354765114001,0.0,0.8404427505460201
3.0389418480792094,0.0,0.07069660818436618
3.718429764297299,0.0,0.2751902117734757
1.9845782608279348,0.0,0.8088585390335653
2.6073240522242753,0.0,0.1954580003683999
3.9867067014720634,0.0,0.5943317339265958
2.0382991796133565,0.0,0.721449157109572
2.5889791718368595,0.0,0.28524434230676654
1.8455643243201998,0.0,0.8520484158046929
13.677586958018491,3.0,5.7800747349014205
1.8675623388878495,0.0,0.7692505592415867
1.981099484689716,0.0,0.10580502485651422
2.3927155592176748,0.0,0.5518287335341685
1.1876945266583547,0.0,0.5103927213487066
2.858768012379522,0.0,0.24634824724230187
2.075864745860774,0.0,0.6374453787179021
2.4682748909294214,0.0,0.31037088910812005
1.1550061649738832,0.0,0.9146164545151915
2.4536139852400325,0.0,0.6444231696298166
3.874354026758301,0.0,0.03479919986835012
3.160472382792821,0.0,0.2648662578135714
3.7276606175846805,0.0,0.9185215304431212
1.4944444471883114,0.0,0.3712709205053938
2.489098741603709,0.0,0.16684857820557764
2.872446723547402,0.0,0.8128509715367578
1.6159988161203995,0.0,0.03782013655203531
1.0859572827329635,0.0,0.6641257392833504
3.3825919938312525,0.0,0.1317095352063551
1.7375423274802009,0.0,0.1347857849174381
1.1726762800499329,0.0,0.44582554982701617
2.175578119564078,0.0,0.6935098370463204
3.533648195605211,0.0,0.14609656554132022
3.200843141684206,0.0,0.29892615009833323
10.81792554170974,3.0,6.047608485078496
1.7463753662175312,0.0,0.1888701867628544
1.8159958160330683,0.0,0.41209360963253916
3.0731674382177854,0.0,0.9722297092163575
2.3321312476066085,0.0,0.2527658599511641
2.509408775740263,0.0,0.4490785141348759
3.6426122775967853,0.0,0.7779849715709368
1.390258720391896,0.0,0.8254398957486287
1.6898638176732586,0.0,0.016969129315466458
2.943452337971585,0.0,0.5734917638909767
2.1135172703128826,0.0,0.866855213027066
1.7928287894759178,0.0,0.26347344569384823
1.9356383072911756,0.0,0.25266300217128235
10.327713011929351,2.0,4.003772170109961
3.018108982626694,0.0,0.15828305069937365
1.0657399863250268,0.0,0.41291118958921325
1.9758854020690935,0.0,0.7697723073855856
2.9133224255367747,0.0,0.5568121431407401
1.8085355868768178,0.0,0.2421834455937677
3.803299116260324,0.0,0.7636152989616567
1.8896797366177922,0.0,0.2566616898959144
3.261604248129739,0.0,0.2315829912889994
2.1794413884820454,0.0,0.19987297464944365
1.2565255925634042,0.0,0.5807559990556591
3.3418951522766713,0.0,0.7472246450885869
3.10590063177311,0.0,0.7260848514838505
3.3219741344582876,0.0,0.6508279504893281
1.1316998279290154,0.0,0.5853754227909563
3.834196066874231,0.0,0.7963907226197089
12.144206236994997,5.0,6.708509954295607
3.739721657669414,0.0,0.7192452005758319
2.9449540223562867,0.0,0.7075228189780428
3.598191668501225,0.0,0.05461030321346905
1.1047346579686714,0.0,0.4521829393601079
2.0663180120921854,0.0,0.26637764143002385
3.803308080416543,0.0,0.9283725519807918
1.0390057705322082,0.0,0.6256499129414531
3.9815451666990946,0.0,0.45631682055096234
3.4132421790324203,0.0,0.677303959298141
2.542286327653779,0.0,0.5371693216040289
3.8078117447456785,0.0,0.7516797670314233
3.9054663327831514,0.0,0.2706836043017311
1.55337715317965,0.0,0.8621529582931218
1.289934502863257,0.0,0.5708530255443127
1.9808230730100258,0.0,0.12346357373073602
2.4813867890931722,0.0,0.39221779343354013
1.497864685887355,0.0,0.19110562269114495
1.6912499863520498,0.0,0.03836155478797465
3.5663817520330214,0.0,0.7687471313625129
2.226202513294289,0.0,0.7600349018031739
2.1319541618895785,0.0,0.12096066223849233
2.9493641402928987,0.0,0.14004481213422904
3.8904398424229827,0.0,0.5648191628863961
1.558407693260044,0.0,0.7506690142816549
3.9774505064751255,0.0,0.27976693088704085
1.9948505473235019,0.0,0.6953189496243846
2.8946806602775617,0.0,0.5448246756734317
3.5393568752035547,0.0,0.5773534012196677
2.2025542502909197,0.0,0.8771275618985017
1.219587771305331,0.0,0.7405095212183186
3.0334396009301328,0.0,0.8251348756614191
3.4886881470491495,0.0,0.4678024120373392
1.6121069038866964,0.0,0.8947475708313011
2.1428555350704253,0.0,0.3293535242499547
2.1259897237588055,0.0,0.4340488684781807
3.9913735004731334,0.0,0.8109351926726106
3.191951530717738,0.0,0.8302028843457621
2.222096572638497,0.0,0.04475143392623815
2.8627465533024314,0.0,0.8793930568071955
3.9519329438794846,0.0,0.5375811380515143
11.850054260968975,5.0,7.5804249029203685
2.6813218929413196,0.0,0.046964422407667294
3.783256849585639,0.0,0.8637896229650033
1.6379331291132884,0.0,0.09352012359790951
2.9062430705857296,0.0,0.4570239521926255
2.817337748358071,0.0,0.822760243032332
10.764109840892804,4.0,4.092442673871169
1.155045163505823,0.0,0.19755590567847825
2.9949547104279857,0.0,0.31003402401245006
3.0762209410731067,0.0,0.7565385834953067
3.4051842492093756,0.0,0.4903124894098283
2.7791330025603527,0.0,0.7444421678375537
1.1152790468869749,0.0,0.554620491211145
2.620836679562263,0.0,0.14528600974578665
1.9203297985664236,0.0,0.3915370996016292
1.8961767207663192,0.0,0.5960639311005951
1.0915007498171483,0.0,0.762212058314177
2.485439581041923,0.0,0.9167560031187467
2.4806397410203562,0.0,0.6770937847836443
1.5656218172477534,0.0,0.8207358408157303
1.7763399448000508,0.0,0.29806620117000415
2.7414028029810877,0.0,0.9339874185126172
2.259181950778367,0.0,0.28915033445415095
1.668028237369255,0.0,0.606216642220766
1.155507397359187,0.0,0.19644131522278585
3.21360855568459,0.0,0.2078238414588358
2.6397314260968847,0.0,0.35484572343065823
1.171080742010858,0.0,0.8531729786467225
1.0663706545869918,0.0,0.7900832499714378
3.8959081708911993,0.0,0.21427180931025958
2.500338256229881,0.0,0.20951922431253212
1.7834872975325808,0.0,0.33473532657927907
3.903284395808686,0.0,0.39808717823623085
2.9558837785078014,0.0,0.29191117349780726
3.727097561996923,0.0,0.9891253191087334
2.0027316724508823,0.0,0.8214712527761908
3.8372491066777905,0.0,0.9491124568882471
1.4450296028862666,0.0,0.8364397373761233
1.4630881458226068,0.0,0.5448010852760984
1.1210524805790991,0.0,0.7832900924388664
1.9028907008404488,0.0,0.23899768021155132
1.7409363972159995,0.0,0.5578791835778856
1.6877541856979246,0.0,0.6389630219732846
1.0591316132630926,0.0,0.18659009687316752
1.235369144026798,0.0,0.9226451396035721
1.2610516549083663,0.0,0.7636104796141586
3.9829909080571446,0.0,0.17917967462532258
2.554232494121034,0.0,0.5488417555934738
1.6932425586234885,0.0,0.5552633226079402
1.468619706059866,0.0,0.76075930838695
3.452223541918328,0.0,0.13503813668054743
1.7758625046641163,0.0,0.9325039530973825
3.9884730204963366,0.0,0.022202812987850318
3.8311047784606624,0.0,0.6619698394506341
3.851234452229676,0.0,0.03840087732634456
10.041649893404184,5.0,7.754342383114021
3.457190541584968,0.0,0.4605825506946666
3.6941628683221412,0.0,0.6555099718461126
3.3925421358894576,0.0,0.0057706612929679935
2.569196274307358,0.0,0.7270185270141339
1.9859936361097479,0.0,0.13035313004326554
1.1110229041464779,0.0,0.6522811128184463
1.678375993749016,0.0,0.6693854236698692
1.7081513900393919,0.0,0.46637459450454855
1.1542774404527512,0.0,0.0976100381089916
3.5409065626211813,0.0,0.7203732127322029
3.516694259337802,0.0,0.9976722632646592
1.918760862359835,0.0,0.592493479176405
3.9280414698376407,0.0,0.43714810504503465
1.9233127158794474,0.0,0.11644552408471143
1.822165662061618,0.0,0.23287914615181504
3.927595767457394,0.0,0.3070877433602487
3.2910768080509616,0.0,0.5400291922606877
1.1798299025839247,0.0,0.04188039383877551
2.7608095196767213,0.0,0.09476847103459396
2.779664710322153,0.0,0.3032081937596749
3.63783866847102,0.0,0.5490832225687229
2.4434203055644526,0.0,0.12564349241231398
3.947563816768116,0.0,0.7632851902031591
1.891872370922001,0.0,0.2230900184453558
2.6113196254556432,0.0,0.9667342275351081
3.2223058532626134,0.0,0.21174586205241952
2.6937719168003906,0.0,0.13895990524891622
3.849883551850676,0.0,0.5347994662811925
9.116990214476422,3.0,5.351023948528916
2.959488371593849,0.0,0.9476236585206671
3.3194256217560145,0.0,0.4794549781497657
3.020936252424723,0.0,0.3149332274589325
3.339626637572872,0.0,0.8450396488966425
3.0246796091624644,0.0,0.88467498495335
1.6456056160517125,0.0,0.0800634025289656
3.3472774366383637,0.0,5.282693229680113e-05
2.8232563667581676,0.0,0.4852556041472411
1.8771493312365792,0.0,0.49221618328746686
3.9079076068572967,0.0,0.15174291295305242
1.4836564359253677,0.0,0.7403130308439514
1.8701365958873106,0.0,0.30264034063681455
1.6899812618897214,0.0,0.1701526411445169
3.6117352751380207,0.0,0.8111045663053181
3.954523596887004,0.0,0.3409619736429885
1.8997573345209542,0.0,0.03881294781180211
2.835162238703057,0.0,0.23660978270750732
2.3537180325429645,0.0,0.2135374778839514
3.97151542600202,0.0,0.5756652529974197
1.2682330069367787,0.0,0.47453356262244073
11.061277498868733,3.0,6.261825464296432
3.4523306852153226,0.0,0.6761957463565392
2.5978517993650696,0.0,0.4455178144931612
3.20507555856947,0.0,0.4925218540205084
2.7905556306632784,0.0,0.9361255715401346
1.398147262129181,0.0,0.12711049086702397
2.7318370876993936,0.0,0.6685466951139853
3.1720875663187638,0.0,0.6141837239845392
3.9549689684226252,0.0,0.6760930341645768
2.1264067853995012,0.0,0.8701966904922421
1.3929212289825221,0.0,0.5030683226320282
1.9037957822800011,0.0,0.7486721752509908
1.0770689346082245,0.0,0.7815231295330671
2.0199155913797444,0.0,0.43677716932331967
3.8518214408126683,0.0,0.3261702541282535
1.8545214831324028,0.0,0.38680724205188
1.7260662399426316,0.0,0.19813074182357704
2.228002018945129,0.0,0.5757924711223097
1.6004507327344304,0.0,0.7588681344179496
1.219244686081045,0.0,0.779531681823933
2.782725481925792,0.0,0.1271824536325109
2.127664855437308,0.0,0.9807611743888516
1.9101566308873994,0.0,0.7657842927157243
3.9928848922064697,0.0,0.38495872263755715
1.0812879775104505,0.0,0.5464763610253764
3.837094441000847,0.0,0.4643502498821417
1.4657207377921375,0.0,0.877120467662288
9.645571100953399,2.0,5.397896478130502
2.684453763878571,0.0,0.23318755442161632
2.0597542255061922,0.0,0.5856543354287992
1.1742758562410494,0.0,0.3096318100028458
3.1779397299558862,0.0,0.7254681684501628
2.416200835329998,0.0,0.8908321482896335
1.4941190602968877,0.0,0.859502975624898
1.6048819601432336,0.0,0.7662454727603789
3.9435335102868834,0.0,0.8296438053529284
1.2068740490692635,0.0,0.07407490721044774
1.0543721231371892,0.0,0.22123781980668367
2.5990866017384198,0.0,0.931490386918926
1.0573482832892922,0.0,0.19148961490811944
2.374970783762726,0.0,0.6629062523445658
2.963026016478159,0.0,0.6855386205626233
2.2006368275490162,0.0,0.13593274736732064
1.9447553337666872,0.0,0.4437835792823357
3.326582850085032,0.0,0.07696918300801736
3.1984046342987518,0.0,0.8183606413952167
1.185425382067668,0.0,0.08520047755966198
1.7451287811094005,0.0,0.3578411586415332
1.1993315330673247,0.0,0.24474507963692727
3.6938939405433655,0.0,0.6582837834261573
2.798079175126497,0.0,0.03188479520859211
2.6604153286295498,0.0,0.9279342012370215
2.3516324059302804,0.0,0.09669455978756714
2.668572077890035,0.0,0.9920159693968357
1.4501459940819528,0.0,0.5084790353080261
2.8453874216235997,0.0,0.5097231716035652
2.751140763194092,0.0,0.6858762750864646
1.6670839142445109,0.0,0.7091807037944047
11.028525941393251,5.0,4.909793016259199
1.3780060835919827,0.0,0.46261927193372954
10.280900851746019,4.0,5.76059378889653
1.141590105092137,0.0,0.28540529030284156
3.0888663276344195,0.0,0.9095644273803012
2.321324050937272,0.0,0.8127329043046794
3.6010944883673455,0.0,0.3525292413005173
3.634100538533371,0.0,0.7766068397963906
2.0021498970063076,0.0,0.624700669406608
2.978268886245993,0.0,0.08777291412344057
3.8681414308357995,0.0,0.9039530651898893
1.7304468897288978,0.0,0.30306576117510164
3.689007455563359,0.0,0.7352285181015961
2.753346729272278,0.0,0.8016425898313673
1.1960984726931558,0.0,0.9992072989434408
3.4170104588501595,0.0,0.7233303039939631
3.1245162659358447,0.0,0.2812845635530341
1.3019124355706,0.0,0.26251029048316565
1.4106568902064218,0.0,0.44797165638218994
2.719126601857047,0.0,0.1557516228655298
3.0388609982053234,0.0,0.05638185385323158
1.050842994668743,0.0,0.6040049977395001
1.4848861422838413,0.0,0.4018762712367395
8.767098421960803,5.0,6.862023818484515
2.6950659785770483,0.0,0.6995278704025719
2.077700108199297,0.0,0.15126428446267592
3.8233624376010207,0.0,0.624943770407832
3.907307890422434,0.0,0.9597457214619692
2.746596239782342,0.0,0.7385390394759076
2.557179372724811,0.0,0.9684191305004078
2.64009223814221,0.0,0.05270978985343899
1.5892576476160523,0.0,0.7850718615635127
3.11404228820994,0.0,0.297214113845096
2.129390100634149,0.0,0.2908768542315825
1.8423170873225674,0.0,0.7281164373361664
2.468358280832689,0.0,0.30767908947794853
3.6096890861863846,0.0,0.9306722555623983
1.6133451173928193,0.0,0.20928776153011985
3.2123013061644565,0.0,0.8049668338816853
1.1706441933329397,0.0,0.3760417911091565
3.2305247688748233,0.0,0.41892362479291867
2.025616498116058,0.0,0.3309147657801952
2.783429005558519,0.0,0.5380946641211113
2.368709526866626,0.0,0.6539942214202483
1.30313743303194,0.0,0.9689443971742911
3.8172030955386886,0.0,0.2717175988981797
1.0159404270050378,0.0,0.3333678381165628
1.725681484776517,0.0,0.4133424598711922
3.0164066422176354,0.0,0.9658323197183326
1.6738468355315557,0.0,0.7905136075336477
1.2654775061557584,0.0,0.0778565196087696
1.8628981871310346,0.0,0.08771764171996432
2.7354775246879903,0.0,0.893534583498437
2.928645730176123,0.0,0.6491539648308727
2.7605233540626375,0.0,0.9581381198044961
2.046604799628986,0.0,0.26679454943383085
3.0005421739169744,0.0,0.2878795033348446
1.8111798591535766,0.0,0.5791298040350491
2.119927948839259,0.0,0.10187876413955654
1.8285086734626983,0.0,0.9457747170084609
2.4934375241028706,0.0,0.15652921341574122
1.1534061443263022,0.0,0.7382955104783077
12.75474001483558,5.0,4.997503151983569
1.6625583488890268,0.0,0.1879035887984165
3.3588345981520993,0.0,0.13088113855357597
2.477707212259893,0.0,0.46458276443924607
2.821405842650731,0.0,0.08380415909506078
1.1609043745624925,0.0,0.6869274167743025
1.770329703161524,0.0,0.6527281237772241
1.2304091449432646,0.0,0.4080200912850811
1.1742508365045983,0.0,0.009910695491153643
1.1067706924194292,0.0,0.3484779757956553
3.9160159888946113,0.0,0.3159358223856368
1.7977853518963562,0.0,0.21417625273958685
1.8398016908378285,0.0,0.08540303016272166
2.1074085814276136,0.0,0.17118474383512527
3.3253984700833437,0.0,0.07053563759295656
3.899964457131009,0.0,0.32784283788581825
2.9857408979110347,0.0,0.09148295792964711
3.4801220792244623,0.0,0.40956092726250926
3.016752061882584,0.0,0.42286840905908707
2.146418424497708,0.0,0.6594900581245843
2.09378118459262,0.0,0.5183239230398234
3.8333457480829103,0.0,0.34104787283062354
2.759871754850988,0.0,0.31500827518977403
1.801084810508264,0.0,0.4639362634548909
2.4732871881494956,0.0,0.2447998730017259
1.117808242724957,0.0,0.43372370283142103
1.3730375242926112,0.0,0.7748834322529488
1.1226058487994366,0.0,0.6929089110247677
2.0710880319100364,0.0,0.03769739042267062
2.0829216908200805,0.0,0.16361620413827627
1.2353674489513717,0.0,0.6149030145669361
1.2030050857000048,0.0,0.9616114422544468
1.898150121116045,0.0,0.3293780670342177
3.0872460669538517,0.0,0.41933468041928834
1.5011018382762256,0.0,0.4109425523501099
1.3990293967219865,0.0,0.5368682179706021
2.513367825008066,0.0,0.8434277957090492
1.3497492236670903,0.0,0.8461938661543734
2.6711215398251054,0.0,0.28346114926407917
2.300416698266903,0.0,0.127311878746725
3.8873418848263337,0.0,0.3161013115469705
3.679270615586245,0.0,0.44447997797779104
2.9481364607098675,0.0,0.8014168109086272
1.8401119886514683,0.0,0.5407656313005429
2.9753555039752766,0.0,0.33540681349634693
3.632416040581159,0.0,0.01602815645512312
3.719063155284208,0.0,0.7176761577934996
1.7175403126477768,0.0,0.7663512805573902
1.3613420199896962,0.0,0.9777128128254999
1.7956071030451763,0.0,0.25217287749552997
3.0864016200695863,0.0,0.6507243843338003
1.19995612168207,0.0,0.45994195129396276
1.2089234444872172,0.0,0.04846423247582232
1.6039363234672996,0.0,0.6116556756460141
3.2394742153540723,0.0,0.7151250198168879
2.0702599800807677,0.0,0.5117804565694807
1.26336471117448,0.0,0.22150105085385274
1.1203275742374474,0.0,0.8743980317083307
3.9429621344880554,0.0,0.47343493359404876
3.915346248162882,0.0,0.6900468884094496
1.4600542093482405,0.0,0.10671181910235428
2.223334103218488,0.0,0.9490796031828168
3.7073599218575253,0.0,0.028191340447222157
1.3728916704566343,0.0,0.8448640854105085
1.015688840628738,0.0,0.8649949762077763
3.467143633556063,0.0,0.27067460596528936
2.594364742567916,0.0,0.7126014072983932
3.404337328668861,0.0,0.30863264852395067
3.265411767020857,0.0,0.8874245353703603
2.675927189351276,0.0,0.06582984336315378
1.6818088817894545,0.0,0.5441260019631009
3.779762875484483,0.0,0.15452082999051897
3.4551412743386054,0.0,0.41484760656054576
2.7417650508341302,0.0,0.928555532894136
1.6738144688199459,0.0,0.03994797328609434
3.033169723603961,0.0,0.009252522435902355
2.3261002627933705,0.0,0.07424685933054576
3.1562188535605906,0.0,0.42033538919549895
3.754717260026311,0.0,0.9040349864545593
3.518015477068007,0.0,0.7044936364116847
1.7553468874760925,0.0,0.05574085358744174
2.9260949384628634,0.0,0.39505333785679597
2.965725941917065,0.0,0.4156277820291552
3.3512795274523217,0.0,0.719022820433601
3.1090568766855338,0.0,0.683870124909032
1.553428759400918,0.0,0.08933990229186684
1.2035111773155158,0.0,0.21208123747737773
3.3873780083083034,0.0,0.12130299800553412
11.361448782698314,5.0,5.379147714618146
1.634344020989634,0.0,0.8679796267309029
2.0179158019287025,0.0,0.7249102718360844
2.1238378438794134,0.0,0.4217126175259164
3.22957959619481,0.0,0.1941287704459722
2.064495566629488,0.0,0.10053035869183591
2.3642195669015775,0.0,0.5934964158218514
2.925914501329798,0.0,0.40869956227093396
1.7640118661381536,0.0,0.3653668415506528
3.661259272795352,0.0,0.8050973120411349
1.6419840360949407,0.0,0.5383263720099121
3.381454311724119,0.0,0.7322379140922876
2.025715834316471,0.0,0.8733914579092193
2.1458189189586876,0.0,0.4202496018075419
3.687024332856336,0.0,0.03971120757224722
1.7737084811348196,0.0,0.08857833963664408
3.2125037443292452,0.0,0.911818569539447
3.01510205321757,0.0,0.021846711986201806
3.719312360033233,0.0,0.16406358826533518
3.4358387039136504,0.0,0.5491440152414512
1.2378408538935752,0.0,0.3162923487256244
2.296056782783518,0.0,0.3419344935747266
3.9698806971698355,0.0,0.21745293221723594
1.2080839026254964,0.0,0.28191835559725165
1.7747331648968752,0.0,0.5104601313464413
3.4071880916608976,0.0,0.5780750491848317
2.593508584003096,0.0,0.25466376588996187
10.388896961137439,4.0,7.9408293036443744
1.1488431200165123,0.0,0.25364247434137555
1.4189537642689387,0.0,0.021981814809622913
1.4972445308956621,0.0,0.5162478232000605
2.0374182952312747,0.0,0.17748183499101178
10.993106142465646,4.0,4.885106364264736
2.06477398263103,0.0,0.7027382992895869
1.2308596048876275,0.0,0.016912799921607324
3.09349835651551,0.0,0.6715118072810374
1.520488151065066,0.0,0.11687876059093905
2.871687508874915,0.0,0.48249306052766294
3.7757449522469972,0.0,0.7374314414271221
2.5333874177116895,0.0,0.7604646062760667
2.0058371502348873,0.0,0.08559955282276832
3.3268355527759823,0.0,0.9147493287276603
2.5175580788554868,0.0,0.4850729091426954
1.0138960690138086,0.0,0.0652767575664639
3.5670894043188572,0.0,0.8194956853860523
1.3619076133018024,0.0,0.533323547859605
2.4290071999032965,0.0,0.6506065232521034
1.1247368795397814,0.0,0.5919144044190701
3.3678785449590567,0.0,0.47535906768086855
3.026988706621219,0.0,0.25218198181926943
2.6496056883286156,0.0,0.2147445024083574
1.5854995516559511,0.0,0.12594064104750058
1.3482179215207486,0.0,0.23981995220659025
3.866571087864804,0.0,0.1566128148926499
2.711829239916489,0.0,0.6502550710936615
2.537507946310995,0.0,0.05207240622126974
2.8475502941566493,0.0,0.4378998871429123
1.3434629141977155,0.0,0.6481021272610714
1.861716974962245,0.0,0.4967434280059845
3.7885874327434776,0.0,0.5059258001463939
2.780777360662146,0.0,0.09244951703706661
3.0709685407021867,0.0,0.8736338226347001
2.3291011190128583,0.0,0.24575031218588783
2.8343908336769825,0.0,0.673516786817259
2.017089373146102,0.0,0.7939351334518513
2.9298646553270595,0.0,0.8650710993753938
3.8521429192297485,0.0,0.44418340687836655
1.7470262083272696,0.0,0.3209354383194404
3.0406847272938737,0.0,0.2059881841884732
1.6920094351532762,0.0,0.8735342642452146
3.114613030130145,0.0,0.0007895110932187865
3.6120071023765528,0.0,0.22683710232549514
2.0378049776408886,0.0,0.05227910326875962
1.394467359693945,0.0,0.6009571949974972
2.5433839832196825,0.0,0.7322905674256961
2.2335714276084735,0.0,0.43728164824461757
1.0250910456305713,0.0,0.16975849820713584
3.0541935176616377,0.0,0.8629596233130185
3.4214666120946475,0.0,0.9989046997630767
3.329342339499174,0.0,0.8695411688592183
3.80124826900441,0.0,0.5130772183680499
1.82264560704601,0.0,0.14990925324713966
2.8907416583684737,0.0,0.5770204016905583
3.3406379456069004,0.0,0.4962194794899244
1.7398109049340738,0.0,0.8715518564582477
1.0928673727580307,0.0,0.26241608169621444
3.6607747006278086,0.0,0.9207564510547337
1.0676935351160417,0.0,0.28917825385644313
3.707209828332024,0.0,0.9799144327823803
10.076643444694371,2.0,7.913977858687163
1.2369074865724858,0.0,0.15737158334991042
1.1169379619833912,0.0,0.5389808744501206
3.6037548835600663,0.0,0.3188173228730047
3.061057799509728,0.0,0.402785534046495
2.7845421385057287,0.0,0.80426115437845
1.3525787403313148,0.0,0.9476861770642796
3.787418560046388,0.0,0.3648180963078569
1.8261435227662557,0.0,0.48199491773286707
8.634347362586809,5.0,6.575471710220505
2.0706579255133306,0.0,0.5097570669008714
1.0551720296424003,0.0,0.500619532333931
1.4973236204898273,0.0,0.2193893891962463
1.999005739174594,0.0,0.45546557200636173
3.1865843268098404,0.0,0.5807968298534757
2.56049050333598,0.0,0.7835015025879088
1.975990992289793,0.0,0.8596453453526065
11.184503614328854,4.0,7.637216585624198
2.6368503679478046,0.0,0.7008656972438799
1.232948004014815,0.0,0.15852023402740945
1.9926940745579476,0.0,0.6455343564105223
3.1167255175470654,0.0,0.874743649656566
8.644166710704006,2.0,5.111331598258618
3.4002129060974786,0.0,0.49459705276375876
3.278194787253891,0.0,0.4495833529202623
3.1432724922137267,0.0,0.5929847477554939
2.152620138957401,0.0,0.8597478056850669
2.2244550726000942,0.0,0.6056992404598757
2.1896283469638105,0.0,0.40496858737618846
1.814476007628134,0.0,0.8657272371067937
2.7309448372530456,0.0,0.8461191855551118
1.6794873255938139,0.0,0.8808951605447525
2.175227351686835,0.0,0.42555587769671754
1.55583055100062,0.0,0.404910814269844
2.739951362284394,0.0,0.6554359784406613
1.9218698947788597,0.0,0.36456642751986446
3.3934409465759034,0.0,0.7806820746878623
1.1507290294689465,0.0,0.3502723706693276
2.375569026645672,0.0,0.7497257467835433
2.494587149359417,0.0,0.3565589211768887
1.3866391657319477,0.0,0.5708539362787616
3.4734145528136473,0.0,0.44914820273221256
2.097042244784114,0.0,0.10935590310947885
3.407929929387131,0.0,0.2236025483236711
2.391794130436998,0.0,0.511525640809493
3.8226405086776127,0.0,0.8526661531017207
1.3160364534439997,0.0,0.7317052727231516
1.8027780301839145,0.0,0.28622430723999437
1.1106608420635984,0.0,0.08058081228651359
1.4634766120147775,0.0,0.7041043607716369
2.51636535373135,0.0,0.7111218170152859
3.3844339106249453,0.0,0.9772838231769293
2.5475857081369844,0.0,0.665784401468871
2.6704037873750504,0.0,0.08813443097669149
3.3340757294339594,0.0,0.00024293443451273156
3.28570543781461,0.0,0.5049328040894001
2.6223812649566334,0.0,0.9007601624507324
9.929974828368483,3.0,4.96050648180608
2.240928024755906,0.0,0.22753387693646332
1.260760864262271,0.0,0.24399530235247224
2.9100090465016217,0.0,0.6693154163635017
1.628047970010131,0.0,0.34695895037758584
3.39935009333735,0.0,0.28893701665758265
1.0130898089509273,0.0,0.9871000859241166
2.7153170561449667,0.0,0.3768106277742125
2.639375625184373,0.0,0.5854859383150356
1.4276696650993468,0.0,0.6049500131477042
3.268489986685738,0.0,0.6005347682064148
3.0326374155513274,0.0,0.42932276570419525
2.496664460354068,0.0,0.10116561961310322
2.0761465762510403,0.0,0.02343295536738821
3.0818487715304705,0.0,0.46846123708708653
3.571537770996259,0.0,0.6279587353429078
2.183716945956771,0.0,0.10383938611092758
1.8889774056994002,0.0,0.030020225717336313
2.7161459301079027,0.0,0.5272551499506771
2.2330854094201142,0.0,0.36734051527727996
2.9078641214911856,0.0,0.6687532544498137
1.8399372809808525,0.0,0.841622007542774
1.830713462133427,0.0,0.9095866950537773
3.6289582994269347,0.0,0.7288705094885958
1.0046953155744187,0.0,0.6374046122611835
3.339552966680049,0.0,0.8561536219946603
2.7930048481081093,0.0,0.4516389955188379
3.5590283664020803,0.0,0.5973123783307118
1.7807097939556882,0.0,0.7120719922479305
3.6776746824594237,0.0,0.15723566509423348
3.820690724274873,0.0,0.7665959447120516
2.9894387469256265,0.0,0.14637306658896776
1.3841375168733174,0.0,0.9095953911109443
3.248955495228774,0.0,0.680250688330374
3.5958872767267374,0.0,0.5994305420276217
1.0193930733691317,0.0,0.3041552544854651
3.029083203618172,0.0,0.1125041332380915
1.5526745177140784,0.0,0.9577666581762225
3.890497722662765,0.0,0.33966062048144274
2.6985420736752124,0.0,0.363189123716225
3.040335656340918,0.0,0.45566082155309195
1.6370173320348285,0.0,0.24860488461330632
1.3054110488486108,0.0,0.3201811674284386
1.3902420094868408,0.0,0.12665587284719393
12.697605036439203,2.0,5.278472502032285
1.9946940972015814,0.0,0.48860492587798476
3.0354999048779137,0.0,0.11501093682809782
1.842889568776691,0.0,0.6613426789447244
3.654565353088013,0.0,0.1416113506178993
2.8776741293110275,0.0,0.9158143481907439
1.6842393158467974,0.0,0.3823633310616279
1.7736630562996067,0.0,0.17589028341866209
1.132197584711144,0.0,0.6173542509880671
2.6953995507676267,0.0,0.049308987109824676
2.44911909267667,0.0,0.12305212359032491
1.0900780159881784,0.0,0.6227412763774776
1.7405710827871987,0.0,0.7215117798434236
3.7911952605079766,0.0,0.9820773786356308
3.6003110635180007,0.0,0.31318205070363514
1.714439960997089,0.0,0.6060150024794432
2.2869820821250553,0.0,0.8992489182892025
1.2213896942061966,0.0,0.5833072481842045
2.9319986297170475,0.0,0.8205075042321092
1.3921519707692718,0.0,0.9760139255987942
3.0922608017405198,0.0,0.6331786748957723
1.6589047857837071,0.0,0.918193158461703
3.6951593997521046,0.0,0.635156988863935
1.3137035210032009,0.0,0.5061398526946443
1.1510485809080597,0.0,0.7720317859723548
1.8890728405398651,0.0,0.9145844352217477
2.042029978776528,0.0,0.9750871697076813
2.1399372368961838,0.0,0.21563976272584917
2.017721983521509,0.0,0.5200826832165839
2.1676050362024895,0.0,0.18404477205021352
1.6788172900095586,0.0,0.2621129720167965
3.587921413447537,0.0,0.07869857670750946
3.8287291117375575,0.0,0.10986311374078295
3.2830719728289965,0.0,0.07221318533518795
3.728363832811726,0.0,0.13156530663935462
3.266653415629146,0.0,0.9380641395681313
3.1279624854178287,0.0,0.09365745260747449
2.538065533049526,0.0,0.0166715505996331
3.4941205431571296,0.0,0.9115768872630525
2.8192871789787697,0.0,0.4503503857807928
3.0223908866081888,0.0,0.8328935948872295
3.6673837718200297,0.0,0.8626751629457258
2.73507928934962,0.0,0.442937121734436
3.385558584306111,0.0,0.5581711838904407
1.3490754554934876,0.0,0.714153146392174
2.630658583341966,0.0,0.8890006108146659
3.72158509211749,0.0,0.867152151001122
10.977055556606691,5.0,6.645352455344851
1.7780046919512835,0.0,0.1310798617047031
1.5312467661918694,0.0,0.28562659968357706
3.703474031472967,0.0,0.00735304455442698
1.891365146869525,0.0,0.3037350462250994
3.0433535618949485,0.0,0.43211623680192934
2.3032099570198294,0.0,0.4211189044340816
3.9082369670058625,0.0,0.5396617889031524
2.1601211711319337,0.0,0.46784918329204295
1.230274185666214,0.0,0.9089808919148642
2.901134799296587,0.0,0.31965206225530063
1.0226886249344265,0.0,0.5008766058895991
1.1756527877319376,0.0,0.7901313737261083
3.584994654097303,0.0,0.3097653141429034
2.713781409811292,0.0,0.8126930433757824
3.970996911380945,0.0,0.06007316835498244
2.5742069129842964,0.0,0.20683711061660848
3.249881411197533,0.0,0.315668481164066
3.8220377353460213,0.0,0.089652231235679
1.0125623308838736,0.0,0.6379304895796655
2.0055917249377027,0.0,0.9744393106384753
3.7279612062363463,0.0,0.29765027756828044
2.233911916198694,0.0,0.2547205004575489
2.1634782697507937,0.0,0.2713813950795846
3.2747895877870676,0.0,0.14660830036000316
3.913452722104857,0.0,0.5296445270351334
1.524644311527878,0.0,0.21027617790186137
10.782054834639068,3.0,5.691505873867115
2.608289099032361,0.0,0.9667061400184606
2.622095429934731,0.0,0.6016866086204651
2.4174800650195407,0.0,0.5857782709310476
1.4063786103840723,0.0,0.23725436365713726
3.464910693131415,0.0,0.8962362491461331
2.207218777897935,0.0,0.17014274017715791
1.980384117573332,0.0,0.01803200982523001
1.0165173974812625,0.0,0.9326481005424786
2.0600566840781585,0.0,0.5820701311242236
3.6585453163880355,0.0,0.2891931519658697
1.1871822057948318,0.0,0.793537402228831
3.1870215041229617,0.0,0.15987976336644139
1.1096490035442845,0.0,0.8696958848516338
1.8568779656867291,0.0,0.3272211831614539
9.788255136748136,4.0,6.332780647532184
2.722862725270633,0.0,0.8669410428305123
3.228119563599943,0.0,0.2049792328259108
1.0815022636766796,0.0,0.9315444071065202
2.6180267257469523,0.0,0.8143839206690815
2.4552839799386206,0.0,0.22763253581939236
3.8950807319995375,0.0,0.858322938878858
2.7536293397783744,0.0,0.10792455496499387
3.2307817485296795,0.0,0.04006908634826667
1.0386924093685763,0.0,0.6267838170518446
1.7399758474162195,0.0,0.7205864193706374
2.927695598605575,0.0,0.9299217631456648
2.5972620468256515,0.0,0.7928400452735271
3.787434151635062,0.0,0.45009526859085935
3.4077570387394385,0.0,0.8782524677323466
3.341128370712941,0.0,0.8707971723381132
1.3215160340193282,0.0,0.6482975272988015
3.4437241606941464,0.0,0.29391676050493376
2.453568955573064,0.0,0.7817798259287263
1.9041336224924263,0.0,0.751798163586933
2.0360258567346636,0.0,0.3667520764259401
2.3169142621169083,0.0,0.9328676901266331
2.5187981784856084,0.0,0.9843219788140413
2.2958350559263474,0.0,0.7063719968099961
1.673321715509982,0.0,0.5180153489085197
2.88867309067521,0.0,0.3293212774825043
3.9097361383218114,0.0,0.6974316172371925
1.7049202149878582,0.0,0.14112611829932187
3.7595668492382814,0.0,0.1283499266146948
8.829653166066851,2.0,4.672564343578989
1.2268151218502523,0.0,0.807477935651909
9.546531293768657,3.0,5.666996242496213
3.2381346377962696,0.0,0.3262205069809315
2.158307913402323,0.0,0.6307704201726206
2.282623055075649,0.0,0.14119906353718492
2.726780285920246,0.0,0.7368168318297001
2.113116288953808,0.0,0.8525426448755004
1.3377713995875835,0.0,0.4016531257643803
3.416946416090026,0.0,0.7433329135656567
1.7026101127790025,0.0,0.7820018255939414
2.733673338082265,0.0,0.18121804361361726
2.1483962933091636,0.0,0.49482845662142017
2.3967940543973807,0.0,0.6171942271169667
2.5675305432567654,0.0,0.7524092332120093
1.2778764491541015,0.0,0.3032195467185912
1.3461839265367521,0.0,0.6872830044131277
1.0165663513708072,0.0,0.3770539310016988
10.36011703248657,2.0,7.008619569030664
1.9579409127712446,0.0,0.6166219781652751
3.5144649249659277,0.0,0.34989546364739865
3.9932481670306017,0.0,0.30115901978544535
3.3948855369003255,0.0,0.2589042747931396
2.458520962314649,0.0,0.4192492493189658
1.6603339777142594,0.0,0.8013715354636367
8.412505712532063,5.0,7.615069045596426
1.160043990966693,0.0,0.0658921650319727
1.1476627436222848,0.0,0.367847181142801
3.185112563018938,0.0,0.7070311693228843
2.2330632257966374,0.0,0.1829229259620847
3.84535992088647,0.0,0.8344582528560966
2.79838341897615,0.0,0.3990404520483041
1.7456194627822779,0.0,0.28485267661061364
2.2970044031278056,0.0,0.8051192087546649
1.0364703144321603,0.0,0.8817173063953962
2.3014522587295887,0.0,0.09949622618063814
3.421212711600109,0.0,0.8407850719391146
2.710183510268095,0.0,0.18181765283733875
13.111327894822299,3.0,6.450371233103506
2.7402586235134336,0.0,0.44269370196743585
1.883346676208757,0.0,0.3936355202774421
1.5091852857307695,0.0,0.7334018493349057
2.2745525286042607,0.0,0.9882621151431868
1.9310858767707213,0.0,0.9789473558546619
2.6200357438135318,0.0,0.6736098319966951
2.821282108266342,0.0,0.46668315583086417
1.220490241990038,0.0,0.3616660831950428
2.9088740619377442,0.0,0.6657652402653673
1.4543365658060718,0.0,0.5713200154331027
9.840765698660608,3.0,7.562666703567629
1.7008232531497298,0.0,0.4458866198598078
2.7472679746217397,0.0,0.7395632481112681
2.9509770590408104,0.0,0.45776461270413416
1.2866059415040045,0.0,0.5771866762233089
3.762299825390072,0.0,0.503570074403555
1.3555078707944546,0.0,0.0012844255268014138
2.9085320941246984,0.0,0.6614662053236519
3.956951362331802,0.0,0.9260595598182655
1.5555867036024038,0.0,0.05293593556881826
3.0652150554764104,0.0,0.12628347258456896
1.903138233502939,0.0,0.5374937536732345
3.293322184226513,0.0,0.11376195880454942
1.422772674924288,0.0,0.909202136206487
2.210448598637191,0.0,0.5355424730977982
3.1479166865421924,0.0,0.43804407590538375
2.673126478750132,0.0,0.5183996266330652
1.553563058069132,0.0,0.38451581370626653
2.902017109298834,0.0,0.24545446253893044
2.6399446605633656,0.0,0.8824951050681364
2.7803841481141713,0.0,0.8104329135731705
3.331147856955268,0.0,0.8577655483724422
2.188002899156846,0.0,0.3294166573744429
3.0476214363014713,0.0,0.2466884297439973
3.6870698327998497,0.0,0.12718118921688693
1.9526491007727653,0.0,0.6948207298717207
2.6557205163234565,0.0,0.761889894377484
11.520922670441383,5.0,5.214040499512446
1.688097331113017,0.0,0.3424752191863042
2.193053243299164,0.0,0.4957170100782755
3.5475869546959578,0.0,0.4301427320968263
1.7598171505681452,0.0,0.49786918051431917
2.1031474091783005,0.0,0.7072789119056672
1.4810962183592293,0.0,0.8788811459128522
3.1351684172381464,0.0,0.19187318440450152
3.576450313504464,0.0,0.057132719343329974
1.0436339970036457,0.0,0.9620584989413515
3.2495797938648066,0.0,0.29028367731476035
2.845021680097509,0.0,0.16549977466365562
1.2017677419021036,0.0,0.5342204099312473
2.555685065997202,0.0,0.49715381588287166
1.4633792416699714,0.0,0.753813712978369
2.7852337921007644,0.0,0.19718298196806627
2.6952559373582687,0.0,0.5003051563545148
3.3782743407184386,0.0,0.677073712658448
2.2082184542404923,0.0,0.908917744121454
3.8884310712220778,0.0,0.6421102350255211
3.7626172015954396,0.0,0.9902851705849413
3.8818809265395995,0.0,0.7890406042020471
3.6844820512829464,0.0,0.19012876631870568
1.9540104249155916,0.0,0.19668819731282305
2.909231233791341,0.0,0.381616499109135
1.6530021987416081,0.0,0.9656531747664123
1.0440801659648615,0.0,0.19344722801193748
8.285499155276675,3.0,6.429066680405952
2.5143867949135843,0.0,0.208651913158431
2.831860127324898,0.0,0.19909341993592566
2.468932228096098,0.0,0.820461290158315
2.883701168472723,0.0,0.5437870703917469
3.7845462943418546,0.0,0.5201602230243957
1.1691264899527813,0.0,0.9399243728857088
3.6662442396069315,0.0,0.21076309942990623
2.924513443768755,0.0,0.16439268432841414
1.043144338216255,0.0,0.19479380264392676
3.9310208633168306,0.0,0.8321624537291183
1.04294583300118,0.0,0.6225493962131138
3.197716291630751,0.0,0.7955783762575864
8.01579293347753,4.0,6.227808366656701
2.043427623706579,0.0,0.5862354987807616
1.1262795689090856,0.0,0.7085835457678252
2.4784587535984737,0.0,0.31931688002137404
2.342237100470364,0.0,0.511093821472398
2.1970081116103906,0.0,0.7253263907358781
3.705322085638686,0.0,0.3464692870786672
2.977136230396697,0.0,0.3329502469623733
3.4247056300276664,0.0,0.27470503280714365
3.111057932382387,0.0,0.19892977979503834
3.1875204626483438,0.0,0.5718975224589538
1.3606271661118252,0.0,0.9113418162164088
3.2459357023786,0.0,0.4962951255006397
2.845894075209406,0.0,0.1796512179553419
9.717085224787445,4.0,7.037946276753228
2.5184255885207323,0.0,0.3202987424967425
3.2829722800842815,0.0,0.32061990655022676
3.170343453550003,0.0,0.41052278435142786
1.05743460399051,0.0,0.8712769881211572
3.890183302640651,0.0,0.11284054451688441
2.373098815477882,0.0,0.24990172163688984
1.7256798823386674,0.0,0.23921108803421876
2.1061215125943855,0.0,0.6906153123866363
3.7445377032043003,0.0,0.4268947278233026
1.420973554580545,0.0,0.36973781087268875
1.089920769618034,0.0,0.8026974053360216
2.2681859106817965,0.0,0.9368534300910153
3.1442598293318373,0.0,0.5205205336415145
2.4252696186003044,0.0,0.11394526944454353
3.824422712518196,0.0,0.12970625799002689
3.505907486767714,0.0,0.9164891511155142
1.4184815819561254,0.0,0.4034809690269996
2.355303036211687,0.0,0.029299443103418366
2.7351607510192273,0.0,0.07308509102615024
1.2658141419090372,0.0,0.16071334919098568
3.3454715900348067,0.0,0.8102591305172869
2.3145358397450337,0.0,0.04795773243698764
1.05757683046917,0.0,0.37183678456641944
3.0130389415987295,0.0,0.5276244568387078
3.1067762980949927,0.0,0.7785158800616635
1.3663297420300804,0.0,0.9865694907793265
3.615530583235696,0.0,0.22047048099936983
2.8627857024352936,0.0,0.9778536935017818
2.283319401207587,0.0,0.36121605897581177
2.0237434828784693,0.0,0.018081092205685434
2.4583914556447723,0.0,0.4915142258318266
1.3301557735830303,0.0,0.23748330516938398
3.5966871495166104,0.0,0.6546211935154629
3.4085603457940343,0.0,0.9756019191566524
2.7315996602036523,0.0,0.5171179308569195
1.6958412883479261,0.0,0.03756622954398059
1.4322363580395987,0.0,0.04033016105151299
3.547294059876028,0.0,0.30091907316541877
2.2970386792100417,0.0,0.6085715931739742
2.0262452461477225,0.0,0.11396588711924116
1.8107430763923498,0.0,0.36901773241117275
2.823715278380334,0.0,0.83629131310246
1.862228789396739,0.0,0.3677085081275432
1.2673732963480497,0.0,0.990642737172179
2.9092041105502213,0.0,0.5567092565528539
3.149191335874297,0.0,0.9053218283760898
1.6045851340189385,0.0,0.4766204563105404
3.500949885812757,0.0,0.17641191042788618
3.066655906150272,0.0,0.4120177389516564
3.1972031471751374,0.0,0.8951000290662443
2.2311904809689844,0.0,0.44471277685833577
2.9625238044222235,0.0,0.05474498225959512
2.976080894856835,0.0,0.5709070537521448
2.9639520605978635,0.0,0.26269330988000517
3.122191000098783,0.0,0.2888099699540896
2.9991562407346195,0.0,0.3254182806826078
2.2043853372671296,0.0,0.5643010646698302
2.1678868421259296,0.0,0.9457151084410245
2.0670181493948476,0.0,0.30158686987355154
3.1571377155527367,0.0,0.18830252491710642
3.8308477605027966,0.0,0.8501327346850368
1.7794396262351027,0.0,0.02583897222001119
2.976771825730454,0.0,0.34239512329585964
1.493216587236636,0.0,0.4573166098928203
3.6498208042786713,0.0,0.36695783181699526
3.2800166348862954,0.0,0.18233518357821954
2.049813560712142,0.0,0.728470945558592
1.5857289633941334,0.0,0.5506604592365643
1.7639219642912916,0.0,0.9764565294354102
2.658121227155636,0.0,0.735953560515178
3.088061854161377,0.0,0.019972932578028124
1.2403171798288066,0.0,0.6028075322667594
13.688319691117343,3.0,5.840826472626461
1.6472220375293625,0.0,0.2541472801278144
2.2824690637618454,0.0,0.2655875983073599
3.2939528511546206,0.0,0.19177345829367098
9.577545485792882,2.0,4.543544600510376
2.6249026439826006,0.0,0.1665035470495151
1.2117062422012896,0.0,0.3155331806631355
1.749918672606489,0.0,0.4485425493684594
2.529562028651373,0.0,0.4484852280026338
3.6707741590534066,0.0,0.9317314247538246
3.156154339786607,0.0,0.5013509936337459
3.0658948879236267,0.0,0.8940913692578455
1.967061534924169,0.0,0.3666788797029814
3.383546633472246,0.0,0.9668655502933936
2.3185350658987303,0.0,0.9066532969519989
1.5313320382211468,0.0,0.7697466228570872
1.0875092909357935,0.0,0.7054966519346239
2.1535339829344378,0.0,0.8167933695743474
2.4440324549059707,0.0,0.13063438155735974
12.10414917015243,2.0,4.376841454449975
3.9276212647301616,0.0,0.08476615442633317
12.456929009509196,2.0,5.548522035884593
3.4859587183548677,0.0,0.2201098300191635
3.478202890757585,0.0,0.3295304137739967
1.4286278840182352,0.0,0.5125762159242117
3.019276392733651,0.0,0.9477328040063053
3.052942746776034,0.0,0.12613578629576516
3.5750250303973625,0.0,0.6773006863356594
1.8986970338616218,0.0,0.29757071644081545
12.188446030871894,2.0,4.928535651200624
3.3513753534561914,0.0,0.8589805471222202
2.895511636509398,0.0,0.14795833410940584
3.512101239310452,0.0,0.2951088601842853
1.4221345841462751,0.0,0.0719067173164456
1.8638360280279773,0.0,0.6880305189519813
2.2129563043128764,0.0,0.18993474366102003
3.101834489183355,0.0,0.31336940643035793
2.3625509882101183,0.0,0.4765679435800185
2.432248568441061,0.0,0.30557645932782573
3.096846485462157,0.0,0.23360903203623684
3.3501616599875153,0.0,0.3477378355593156
1.1356560103185682,0.0,0.9718453013254846
2.528266384449369,0.0,0.517131892010638
1.076926197419307,0.0,0.3374770457129719
3.6185782646969935,0.0,0.39006606574762825
3.2256889808761455,0.0,0.6428020501620825
2.9756215470101646,0.0,0.7223735076327985
3.028532686226302,0.0,0.6153478406285743
1.525665316317482,0.0,0.21120825858795167
3.120572031542851,0.0,0.5445553246546755
1.6078979024060294,0.0,0.20620271590177885
2.7501753842983616,0.0,0.14551548278735915
2.011009529293859,0.0,0.7831600290279028
1.3561272865273344,0.0,0.470762392387603
2.044766401069901,0.0,0.579829576047725
2.2463290017762687,0.0,0.8539484630145436
3.627649250551171,0.0,0.6891433569803377
1.4224088466780282,0.0,0.5694823881365918
1.1408979003251651,0.0,0.10347506364658465
3.931923723974511,0.0,0.44959890600773733
2.9002025629501773,0.0,0.9665584393805441
2.179293174000281,0.0,0.20598003587696168
3.989003012881742,0.0,0.34671876123591117
2.7823921460564054,0.0,0.19267639648670032
3.377784439627404,0.0,0.575501018469059
11.329459002952454,4.0,4.128254068378166
1.2127966484013202,0.0,0.1522282139168668
1.6619531788652453,0.0,0.36988862564812486
1.1980295324207249,0.0,0.639386421454098
2.1530651155724048,0.0,0.9030506531025154
1.637341831586419,0.0,0.9779934237382346
1.1208565563339954,0.0,0.505028046148767
2.0521354463551305,0.0,0.08839696714675838
1.6618358581336339,0.0,0.7453977391415395
3.1924628949421896,0.0,0.736794568710197
2.4778542819786087,0.0,0.08696702025593306
3.51940481999328,0.0,0.464689468445165
11.62767628103133,4.0,5.051522807957304
2.900589132282684,0.0,0.5345592191563087
2.8000616443579114,0.0,0.5462476001308509
2.9566727786364173,0.0,0.792662476751617
3.1553618419676503,0.0,0.6652728362369108
1.230939729486379,0.0,0.8874689402128824
3.3657916336735925,0.0,0.4639854174403808
3.5263567694071263,0.0,0.7800480870400435
3.7086849855759616,0.0,0.9348220404438012
1.9690820372622815,0.0,0.12027096312860686
1.7808605726980091,0.0,0.8119677423908017
2.945916870306447,0.0,0.15766102679690797
1.7244894557706036,0.0,0.4022946780763187
3.5821917497690303,0.0,0.6960798615670392
2.522831136053365,0.0,0.133778144993968
3.9938023316000124,0.0,0.37831560716525947
2.7772437065861273,0.0,0.24116521430776194
1.648998332892481,0.0,0.6121586589432291
13.344944789063765,2.0,5.492028399514243
9.451434635550546,5.0,4.241746179762256
1.2427578491537565,0.0,0.947565126324043
2.1971059529273043,0.0,0.06724063405203662
2.3669702583571386,0.0,0.9790318407916674
1.2762009582474263,0.0,0.056515690796757334
2.2378530307342794,0.0,0.12611532237541057
1.9623401949152075,0.0,0.32783819885003407
3.3314407477823105,0.0,0.3044904243540304
2.773390909775549,0.0,0.9011776232173556
12.284522136110105,2.0,6.883265265899663
1.464775933430328,0.0,0.8414397599562448
3.8172054383508747,0.0,0.4082375193462987
1.2114758369294338,0.0,0.9403970339455442
3.6616382277289796,0.0,0.03981143944575383
2.9526321071415826,0.0,0.46572557766749756
3.8016250525837147,0.0,0.14218137638735162
3.605228571840802,0.0,0.504421039715213
3.5967314368736565,0.0,0.8627707774592256
1.2130229935997665,0.0,0.9232237469852286
1.0760522302463724,0.0,0.5023718199720955
2.7544834339173727,0.0,0.7748584021819559
2.5380031778692493,0.0,0.929870482293879
1.1729427465970748,0.0,0.9324439783773508
3.2153476277539794,0.0,0.7072283283354233
2.4355851097585677,0.0,0.24192772811923657
3.04068333762506,0.0,0.26859893291459747
1.4203395272993578,0.0,0.7475206367465048
1.785117051207718,0.0,0.28740253384548253
3.3138110400578373,0.0,0.6912466637859893
2.1878116785878494,0.0,0.20371739327766658
2.6733502521100747,0.0,0.5037194345899563
2.229018607877557,0.0,0.8372191429586986
1.3399105141823926,0.0,0.42888743135021057
2.2128692417646074,0.0,0.127408071695429
2.804661637899472,0.0,0.8811051483565658
2.2588001872833696,0.0,0.4834980851068038
2.03764917085887,0.0,0.019651482746847804
2.374085849751606,0.0,0.01968321538141371
3.402942101210095,0.0,0.5413353827012672
3.545276137271574,0.0,0.6928011986299087
2.9955916620886005,0.0,0.4463263599865612
1.5696259872877598,0.0,0.4953176469339088
3.471371152663884,0.0,0.5036917612374446
2.57920798280834,0.0,0.4864827657324229
2.104928591520545,0.0,0.746452128857114
2.1308332882747227,0.0,0.9150984544900299
12.477529366101233,5.0,4.670486255362338
2.2096232683997568,0.0,0.6402509149522763
1.0761590669810346,0.0,0.04876631881314042
2.6257028421350745,0.0,0.798555838130599
1.5295840960165248,0.0,0.23647491223869455
3.503715370766883,0.0,0.28193688434175845
1.3598588251929096,0.0,0.011871346669359295
2.0515616028584853,0.0,0.397634985732753
1.1861242508696628,0.0,0.24461627405226605
2.8232103846365773,0.0,0.09355940691233555
1.543448048604041,0.0,0.8677231528050924
1.7794107431924795,0.0,0.6480303180552142
1.1861102908863446,0.0,0.525360481819498
1.650219400272327,0.0,0.08147389771294189
3.9190316642573366,0.0,0.12344986581035511
1.4841020751651492,0.0,0.10102824649125852
3.632119215783866,0.0,0.19648696695621115
1.6966740727040293,0.0,0.8639033162941132
2.3631320036798824,0.0,0.05233285730066284
1.034060934302257,0.0,0.8018401684528059
2.5467880857377505,0.0,0.21011777594021452
2.5811243917349547,0.0,0.6225753978327817
2.3192214595237255,0.0,0.026446902597667465
2.5411235656459144,0.0,0.6335352936161702
2.9850528651995694,0.0,0.014856122507503788
2.0491096892375484,0.0,0.7610059829495553
3.9683533928951693,0.0,0.4412296690917168
1.5857218088694762,0.0,0.03342653309322163
2.8310013499327553,0.0,0.5626554229027424
1.030853487807076,0.0,0.9621859094918002
3.9091708983939313,0.0,0.6795518365726839
3.526099883129264,0.0,0.41366552358320696
2.751318341542335,0.0,0.311703321492812
2.6862183832077133,0.0,0.9223077754835848
1.716331437304907,0.0,0.12037814950553383
2.228886684685696,0.0,0.9623653164545284
9.723981999365897,5.0,4.608591547678066
1.9098576725478487,0.0,0.4703240479372064
2.254434364488399,0.0,0.1880585664790756
1.8513277173961735,0.0,0.9666222208961075
1.164284916466094,0.0,0.8363785774103993
3.4090356445789616,0.0,0.21171677846196568
1.1460845451997894,0.0,0.322901068577901
2.86387734714883,0.0,0.6594232468499163
2.5754901510011807,0.0,0.45221510010171806
3.294649784626385,0.0,0.21546290727573003
3.5861279529679404,0.0,0.6267533485423312
2.266102780382917,0.0,0.9182850353799578
2.042714572716946,0.0,0.5300523392123808
1.1951547789558385,0.0,0.5555495698856199
3.5672117767173592,0.0,0.565888605101759
3.429773260908698,0.0,0.07964512903476584
9.315771695028984,3.0,4.899587222921629
8.305123813002439,2.0,5.005230748568627
12.488970794172177,2.0,5.044800685095652
1.6074416804957123,0.0,0.4179685080138871
1.171164163453763,0.0,0.9928321316819754
2.2044829475838648,0.0,0.7941345617322724
3.9580031914686127,0.0,0.7385460533969634
3.482659156822141,0.0,0.5833329099885175
1.4216589027350823,0.0,0.41093290496275825
2.7726788295647253,0.0,0.33882348242280735
1.9710377092127311,0.0,0.4603290506427651
3.561885900866266,0.0,0.05050747083228213
10.986539381641379,4.0,7.90431874488587
3.2654008523355875,0.0,0.0407850134355181
1.032512954440895,0.0,0.7564510879889118
1.6175236301103046,0.0,0.15478603484611198
3.6856205130615978,0.0,0.5045029240548358
1.4151147841616698,0.0,0.32319406532433614
1.8116777694639743,0.0,0.822888068293502
1.3885447638484125,0.0,0.5884312404534523
3.7445931706613456,0.0,0.3416411126906018
2.1078423106466233,0.0,0.3439796363163702
1.022992097947676,0.0,0.38305880642100354
1.9708306574486238,0.0,0.6162907483541447
1.4563128496668187,0.0,0.30336428221417044
3.2873760572220716,0.0,0.807957328109019
2.556371865230098,0.0,0.3429296627591959
3.8321262814761936,0.0,0.04606916967546759
2.0281927762837215,0.0,0.272467184033096
3.588990494076616,0.0,0.21613581231092072
3.441385059120846,0.0,0.0832230662080723
3.3504086801478032,0.0,0.20117296711390076
3.798131524398284,0.0,0.5496223011060349
1.363075001455579,0.0,0.3098471167532799
1.8448481263168952,0.0,0.9568146705908778
3.8651815344549667,0.0,0.18262513025310112
3.1378639992955386,0.0,0.5613558241893379
2.8104629997893644,0.0,0.30936856208001284
3.4304832698791072,0.0,0.7194702313133812
3.9131747354961033,0.0,0.7193881555748203
1.7696883511040913,0.0,0.31972084933985423
3.931522552663952,0.0,0.153412882389088
1.8658916597207673,0.0,0.34782234743304596
10.814362041326921,3.0,4.118167874445973
1.5314493683421577,0.0,0.15585153655144346
2.7683619684540917,0.0,0.13637110502945837
2.556102983141785,0.0,0.5814248948690871
2.788245865714918,0.0,0.9559187999620442
3.9652629818904432,0.0,0.4717563093908743
2.646728894920215,0.0,0.5348009769191681
12.030469042864901,2.0,7.323689963287402
1.4820441197786671,0.0,0.3156332153671523
3.80884186440678,0.0,0.13035167971479178
2.70217283246822,0.0,0.698635589431956
3.4779346381242453,0.0,0.6433697250697605
2.0715770019791346,0.0,0.10448239530783465
1.5239415576889885,0.0,0.6898210713287619
3.316955175206918,0.0,0.027106652336233106
2.6208895953709215,0.0,0.7186037406901956
2.188726056707976,0.0,0.14387615538978016
1.795139284975012,0.0,0.18381288948181496
3.3415765457315856,0.0,0.6707273254426008
3.9097431934438096,0.0,0.29785939839021125
1.509661219657172,0.0,0.4091966437856498
1.024959826681576,0.0,0.11846170509448184
1.6014235465852082,0.0,0.32066275473643224
2.11069655705373,0.0,0.20165521126689223
3.3555278841790406,0.0,0.8275236939538171
2.7905285467506675,0.0,0.9237313958767761
2.351052936716238,0.0,0.8514891816465466
2.956874945775819,0.0,0.9074631763464255
1.5571992160155568,0.0,0.17110247841340187
3.900536499397856,0.0,0.5003583603843902
1.4644858377931596,0.0,0.5606944813756801
3.9641078984667755,0.0,0.3144341058114054
1.2742659754514145,0.0,0.6873899126857146
3.0644041182596267,0.0,0.024817211445149145
2.7026225447846746,0.0,0.427541855359712
12.449618118423253,3.0,5.589951969690511
1.7526372996721007,0.0,0.16537042551318593
2.1372821460158087,0.0,0.21037208152983577
2.1935971090522814,0.0,0.931535049155262
1.1182804341055177,0.0,0.17478128487493383
1.166816565041382,0.0,0.938578239586033
1.2025076400514658,0.0,0.024390993110096737
1.0774357208484608,0.0,0.9688146905778044
2.4218849207886173,0.0,0.5375401436403463
2.9859068343816055,0.0,0.6549411045673216
2.062813981651647,0.0,0.757469050723103
12.40016908839256,5.0,7.998020758834066
1.8122340194306612,0.0,0.9111205013919575
11.267187757427049,5.0,6.693565916119341
1.2658012890388517,0.0,0.5712129177515172
1.9758718550852432,0.0,0.3739387136037746
2.012362836892687,0.0,0.08982575257208403
9.32673957733409,2.0,4.664802147234981
3.1136632840823357,0.0,0.0007168587065797816
1.0979771823534876,0.0,0.009538954025544943
2.0814235154246616,0.0,0.3389699261728214
3.7881279673827573,0.0,0.5961426495498969
3.0374877049586884,0.0,0.43239636018509
3.4235378258237756,0.0,0.12137192454861967
3.4296233375639047,0.0,0.39091742684116226
3.2445517361465392,0.0,0.795072881181164
1.832394039174862,0.0,0.38198004546294595
1.3160947667525695,0.0,0.024697297686111286
1.9192984681101146,0.0,0.5254319983096423
2.6575029022236674,0.0,0.6938633423283945
2.8775797471427094,0.0,0.03992253256375122
3.677676995469933,0.0,0.5964670754135437
3.7987745877090164,0.0,0.27725841634918613
2.3538823390877646,0.0,0.3534774751283788
1.2382197539290885,0.0,0.2068718754222878
2.293701609374674,0.0,0.06709373262987872
3.3551917631392936,0.0,0.38019499797517753
1.475815315879221,0.0,0.4468741952004389
1.7454674194433972,0.0,0.867702097919239
2.2651627806203662,0.0,0.08193843903814613
3.7277580833109774,0.0,0.8764209436044927
3.1230428042227474,0.0,0.8032121232440932
11.312109033773908,4.0,7.745371013592911
2.79597545259111,0.0,0.5088940700698802
1.3445104742176106,0.0,0.07266558758115671
3.0173814940750865,0.0,0.6145410182213155
3.990848252235009,0.0,0.35135593465492676
3.024358906502232,0.0,0.40740527161134876
1.3950607103086212,0.0,0.7269798713458154
3.2853945741330914,0.0,0.11975996643219722
3.2908173824792826,0.0,0.05621390545987848
1.222133955202271,0.0,0.1675665393045065
10.075697107179217,2.0,4.490076570148375
2.548849897593022,0.0,0.13181037349745917
12.825217443786686,5.0,6.35234498341879
2.0231990531507753,0.0,0.4237701199309234
3.6582583264405493,0.0,0.7919610144667157
1.9566004549634166,0.0,0.4864423871418745
1.4624351295354612,0.0,0.6050712534377437
2.400079362653225,0.0,0.6776111820995941
1.30233400413228,0.0,0.3180396116945199
2.6238890059032114,0.0,0.39419049459990796
3.049744084868937,0.0,0.07252231695448141
2.2335924666476377,0.0,0.5556171546824029
1.4014850889990793,0.0,0.9406399991861139
1.6323793046500858,0.0,0.6960314069891137
2.5567531158485126,0.0,0.8958157315601947
3.1750182288973563,0.0,0.2986721573875497
2.6327720110457524,0.0,0.0009058352460902253
3.637557317803743,0.0,0.06353572242391858
2.8048354604389933,0.0,0.4426548482604331
2.792239306510925,0.0,0.2922489567393879
1.0410472442820433,0.0,0.933113221168653
3.8645958419895825,0.0,0.9724613900279022
1.2283925784709004,0.0,0.4858856061896132
3.695662565581238,0.0,0.6737562297840898
3.4389572161482804,0.0,0.12048182243846794
1.255310458359356,0.0,0.6571188390612733
1.9387221826409446,0.0,0.41185228314449696
1.215135666542953,0.0,0.10395937591238957
1.3831404509057044,0.0,0.49818929917397914
2.220723882168612,0.0,0.3665511873792262
2.161823234274524,0.0,0.05227637227220572
1.5370949123247515,0.0,0.5631265938920469
1.7590790227607598,0.0,0.3462660507879305
3.7183330063974913,0.0,0.5320868239380113
2.477606142142868,0.0,0.5165465103892622
3.1194271794607036,0.0,0.9361630415509965
3.9844578818978533,0.0,0.3936818859906128
3.973767981106565,0.0,0.6452376445533317
2.3037878825761355,0.0,0.20823180860821444
2.3773720698600425,0.0,0.46354783925892185
1.457617128742784,0.0,0.3850580557189617
1.899826209331068,0.0,0.2522024021593309
3.223361947870177,0.0,0.7015652656029423
3.9917136997108082,0.0,0.010670127006162766
1.9662374967495349,0.0,0.5692064631294277
1.8645535778785884,0.0,0.24853574392709288
2.124474773049993,0.0,0.09972620385336795
3.998241177312,0.0,0.7728400834265033
3.126296965687463,0.0,0.9486540809029906
2.3174047257106554,0.0,0.6096819082757774
1.420072292659953,0.0,0.44572982090286917
1.8616636276154526,0.0,0.3498616942224785
2.3057868389696616,0.0,0.5121699559338871
3.1203316506563374,0.0,0.9461868939912612
10.312822608198413,2.0,5.906496642034515
2.504548884061599,0.0,0.5275879732721657
1.1120445662476433,0.0,0.5917169688924004
2.532241907732697,0.0,0.8239976518799783
3.0084608655945706,0.0,0.582144802814742
3.7076587200387,0.0,0.20179494825245692
3.4730513417480484,0.0,0.12637014194700513
3.056695861686914,0.0,0.15720388355695425
13.23322717399337,5.0,4.704615650011441
2.2912822309629703,0.0,0.0002410046851345493
2.288970438216805,0.0,0.08970091901484578
3.2267595615972615,0.0,0.1418443976169852
2.838387506609531,0.0,0.8612322272603858
1.2952725673041061,0.0,0.27090922324687117
1.5205735449595261,0.0,0.26828720042777265
9.713150430292037,2.0,4.1509892678697335
1.3318107966194825,0.0,0.04339717857856085
1.2483960037753794,0.0,0.16874943839822953
2.325501114405864,0.0,0.9859915721706594
2.633490877311595,0.0,0.48242360159472886
2.850780755127227,0.0,0.10948236606899397
2.537964259435159,0.0,0.6381399025162693
1.6008460536028777,0.0,0.10466063390789626
3.645783274913932,0.0,0.7687641807211604
3.8544721305303615,0.0,0.6472222833978555
1.3447989911787004,0.0,0.6215073111380841
1.9098254427027865,0.0,0.6475197955701631
2.1021721860912113,0.0,0.5171208881133305
1.908747186499578,0.0,0.4971672807176857
3.1888185350141924,0.0,0.37736317679665077
3.296090091574122,0.0,0.8457448783257632
3.620269714244982,0.0,0.1785197892725987
3.6775698698645383,0.0,0.27967385654644317
1.1994888021003325,0.0,0.06090554323518271
1.9118275367650819,0.0,0.642278163507115
11.323650403127825,5.0,5.266868488100864
2.0139854705546076,0.0,0.5324709078838974
3.5353625544881044,0.0,0.7898646210355388
1.02799485948128,0.0,0.9068665773398359
3.9986731097513157,0.0,0.956835667543063
9.385649987592467,4.0,7.229483759169957
2.420415312341697,0.0,0.05274395216221739
3.6712285516579852,0.0,0.6830695751901241
2.973535913809108,0.0,0.3507097879920843
3.3922780648207844,0.0,0.9148421498516547
11.099985559063246,2.0,4.355718091020096
1.6028010659771694,0.0,0.7413087083507622
3.261885710790352,0.0,0.5313399532366091
2.4630012058637933,0.0,0.959592147609234
1.0729478992943615,0.0,0.600251410099583
3.901105825768439,0.0,0.633849818735324
2.258882148420431,0.0,0.5032192071829621
2.491745517677156,0.0,0.609812761548117
2.5102518125645705,0.0,0.8533171866665861
3.5203242353175996,0.0,0.20607377993717524
3.947135850725819,0.0,0.57654498995114
1.8736874205941256,0.0,0.34557958587081306
1.2165952269375275,0.0,0.7092961271407681
2.092809583144226,0.0,0.9774565631838426
3.6685579331312894,0.0,0.0650007889488885
2.4461231743362477,0.0,0.5376921285909715
1.2309384011948987,0.0,0.8545686640326409
3.3688544283836617,0.0,0.565415939752538
3.7127298742226955,0.0,0.7244223402693151
1.809462160384643,0.0,0.37265712989414723
8.792970665150142,2.0,4.403228788556341
1.63613451972468,0.0,0.44312734532291453
1.656146838993782,0.0,0.28998739264414186
1.6264928064837698,0.0,0.3638994064953325
1.2629282402915156,0.0,0.05976227417838442
1.3519245668871833,0.0,0.8723945633548149
2.923442898655892,0.0,0.2926550976674078
12.32193749887136,2.0,7.247446799330336
3.4614627534408244,0.0,0.4878766059980595
3.6182615186983837,0.0,0.6604697213644312
8.83027137525151,2.0,4.890414546164951
3.0892894211083215,0.0,0.31484115540873536
2.9024264148872105,0.0,0.3793655982041866
2.3988982388194566,0.0,0.7156626520723114
9.981765052808804,5.0,5.4945632738667936
1.506575390111185,0.0,0.022569696573442655
1.2465150024292821,0.0,0.15484139464745494
1.5323186313391686,0.0,0.07971507318728499
2.1392545687579525,0.0,0.9858584404109375
3.8104892179742738,0.0,0.42294354374155774
3.786423882063656,0.0,0.8043203260971725
2.221319467376883,0.0,0.3641210568415054
1.0795966116214593,0.0,0.6752308375620375
3.0175217880209475,0.0,0.22742172872352928
3.5518481735234135,0.0,0.8258882264268146
2.0744191495874333,0.0,0.49607547850053113
3.6157391838415167,0.0,0.10745321644188655
2.517090231344122,0.0,0.9505920130759383
1.9462206872440382,0.0,0.9985608065856286
3.4333713098004126,0.0,0.21285008603835742
1.0363623239316797,0.0,0.4744531798445233
1.045332052643425,0.0,0.25349375325719037
3.695681814024518,0.0,0.8179041768324394
3.314880732935823,0.0,0.8940995361061592
1.8273027047540709,0.0,0.009310290762353679
3.126234093228929,0.0,0.8569501298693881
2.5012034371306036,0.0,0.8950338588534369
2.9126724140656393,0.0,0.41351653028995916
3.9035801045350915,0.0,0.35619394346137945
3.308346682246141,0.0,0.4990361729040813
2.249513295711637,0.0,0.2168142759291083
2.7038356916578885,0.0,0.06728461292151455
2.6059303943577747,0.0,0.20117523228887946
1.975633588828634,0.0,0.8804219028736048
1.1018379357573966,0.0,0.9122082367815256
3.89746648345966,0.0,0.8410961706161014
1.3617006573318364,0.0,0.10745055262890812
1.822214768026573,0.0,0.5373791904438551
1.5558110661499711,0.0,0.8524388856418731
1.857274973778118,0.0,0.5038887967912735
1.6944256412958945,0.0,0.26263361236607363
3.734017570235892,0.0,0.553427700787068
1.0526570900998866,0.0,0.2252071002162016
1.6863944964748674,0.0,0.9176472779044335
1.480214904863719,0.0,0.6393748005427755
2.8255818180893995,0.0,0.729240249097568
3.091407417675428,0.0,0.30541349854275135
2.8017830000818518,0.0,0.04778136468140537
2.0892468891959055,0.0,0.44343910283604404
2.640130838029839,0.0,0.12249786196598922
2.9947351734616543,0.0,0.02784105126258629
3.8194963708404255,0.0,0.051165506445475906
3.84665661176,0.0,0.2913610728377445
3.615350699776605,0.0,0.16885928936703531
2.867891600795974,0.0,0.8598544903351217
1.178851976033977,0.0,0.07608472676550726
1.521685747658462,0.0,0.7623612137071728
10.9610550959636,2.0,5.248005224433801
2.9785323059223106,0.0,0.7704117870686438
3.601882602879407,0.0,0.5330552900947112
3.0147195867783987,0.0,0.605896815179483
10.703494956896705,3.0,5.032632670633913
2.9542611650555926,0.0,0.6834294151572705
2.210803007084774,0.0,0.6522640059437702
2.6306146520279383,0.0,0.09804453811093983
2.7639748883914983,0.0,0.732300770608181
2.377407268714784,0.0,0.258792408364524
2.62528289280269,0.0,0.7050632842053791
1.4393087698084484,0.0,0.4401207709849362
2.378752171640869,0.0,0.5085388914977079
1.35265390045066,0.0,0.030970603422510123
2.6828139146061587,0.0,0.8933044937881227
1.4178162179901617,0.0,0.31023528374470477
2.000885187510597,0.0,0.5244363458577493
3.498789146722684,0.0,0.09113733908970723
3.70582059024745,0.0,0.5778770814409091
2.2081111629836805,0.0,0.39371916965303755
3.621095780399035,0.0,0.6134018465221711
3.5079403615366176,0.0,0.7371324139566391
1.4412204427871138,0.0,0.08257215803527718
1.097330338141561,0.0,0.3980548406789377
1.478476787624075,0.0,0.17845067409837478
2.620898220284499,0.0,0.6380032352162481
3.4448191856216175,0.0,0.2832965279977022
2.5602040635334324,0.0,0.7831614309236972
2.2153080835826993,0.0,0.24599974030679517
3.39487959162756,0.0,0.9760201575244942
1.3687620353961627,0.0,0.2152438205009537
2.6444356081840663,0.0,0.02899674433594801
3.982418083663503,0.0,0.35677049034925123
3.1992138880890244,0.0,0.4105986972382666
2.9890816111694423,0.0,0.2524138129765602
1.5154883810729753,0.0,0.5120233891087593
3.5866089209745664,0.0,0.494982794712461
3.5113588834919565,0.0,0.6380927257964524
3.718261181443782,0.0,0.26203500450687456
11.826933075556461,4.0,4.376972265618102
2.8770457367840576,0.0,0.6332834823329955
2.2929556615398887,0.0,0.1621833724078774
3.3658448940172194,0.0,0.5618769562415131
2.7738263072347875,0.0,0.6966889878731969
2.491524292025282,0.0,0.7032800540422505
3.1163824908504587,0.0,0.26911975263801036
3.329790558375225,0.0,0.5420152984797261
3.0726519296524684,0.0,0.05853660008005013
1.8445635952447899,0.0,0.36218160279415157
1.9336524851901808,0.0,0.890220670554556
1.1512503208066276,0.0,0.06449068045584627
2.927257834618947,0.0,0.10662361893659789
3.0138124756873976,0.0,0.1430813954173139
3.3183142589952372,0.0,0.06404352386478851
3.092414385007851,0.0,0.1293806169667009
1.266107601271167,0.0,0.5382201018684752
3.112239304297671,0.0,0.3358163646415345
11.988846551481467,2.0,7.051795514046244
3.3858019355796705,0.0,0.6933775385188524
3.030822348990512,0.0,0.8937741877619448
2.3480492261189263,0.0,0.5184929749422404
1.2447247768340977,0.0,0.4041098477429571
3.4223204654921875,0.0,0.3821234944599732
1.824111445143676,0.0,0.5058092225923297
3.3048202415935544,0.0,0.8208490092631288
2.3910952148199467,0.0,0.7172618758657564
1.6405340989320156,0.0,0.4063664052774615
2.386017410932398,0.0,0.5281892617563562
3.4706566798354572,0.0,0.8999095433546718
2.2782501516711147,0.0,0.010046981054831594
2.809450360368841,0.0,0.07234838383605735
1.7967484988758182,0.0,0.40470587432917016
3.384428646249788,0.0,0.7718360352301099
8.867091343441702,2.0,7.026819640445878
2.3323106707198558,0.0,0.615214896596914
2.726077519387296,0.0,0.3018346608928951
3.489225411121605,0.0,0.5936846199087332
2.0295020595179745,0.0,0.6925728000775818
2.6752127492074154,0.0,0.9829468795547008
3.640944286446781,0.0,0.1707682600033369
1.5976458246821594,0.0,0.41577480098965147
3.4124966949516526,0.0,0.4763382934943662
1.3824659869959472,0.0,0.646407375228089
3.0515993555060295,0.0,0.6707472004717734
3.379784051314763,0.0,0.019401245618215435
3.513725124555411,0.0,0.5298090570700541
3.5083531096217464,0.0,0.23008449185747504
1.696638085440452,0.0,0.4744349141471741
3.54432770504689,0.0,0.4415472888798304
1.5959337306922174,0.0,0.9429127113917565
1.2254133452074263,0.0,0.5372756736680381
3.1944893921294173,0.0,0.5361922792822041
2.2794992417255835,0.0,0.6109465257026532
3.4326357430237553,0.0,0.0563332777992398
3.6598126457214004,0.0,0.4913304319121309
3.462088482300338,0.0,0.448160873369002
2.057124839828963,0.0,0.2005646595880699
3.4423770567734855,0.0,0.7725225917625445
3.723696381338858,0.0,0.408927235756672
3.4793723983232248,0.0,0.7604000672874827
3.0036037201024404,0.0,0.8586720549294962
3.97588824171593,0.0,0.12291118254224498
2.8575182060975104,0.0,0.3034532164496062
1.4909678285971135,0.0,0.30409463597128383
3.3765735844050284,0.0,0.9246511054051808
1.5128092072625448,0.0,0.2229500085577536
2.619871390841679,0.0,0.08814224339079213
1.7426793108396592,0.0,0.03199446014432472
3.6844499681815828,0.0,0.333299859870525
2.263744159882216,0.0,0.5450834128598901
12.310761069939002,2.0,7.311648248596257
2.422642649972391,0.0,0.3753213457730138
1.4890573414446586,0.0,0.47117255937814184
1.685928416510388,0.0,0.039361879819729495
1.1450881331463427,0.0,0.07102456764932663
3.755279296436226,0.0,0.7249127466244395
2.012036640307278,0.0,0.023047088406607408
3.840268734076722,0.0,0.947170616843394
3.3112222534233795,0.0,0.6225469904622817
2.8286930019396905,0.0,0.14716325109494532
2.568198488145982,0.0,0.9477796979692298
1.6815386710705447,0.0,0.6155526231931792
2.8113863588481633,0.0,0.43276708170819367
3.861785731007762,0.0,0.57356328002671
1.941634229545082,0.0,0.2806355798765158
3.5760943637337217,0.0,0.5813665572045749
2.011619726697256,0.0,0.5684722021568196
1.0795339316248653,0.0,0.3667983206462684
8.263427681783824,5.0,7.802447098971561
1.0486011920184017,0.0,0.8413567713051986
1.2045169281564807,0.0,0.5391937941273144
2.7946758821912163,0.0,0.3789559098125076
3.1730164513862236,0.0,0.41770856697297587
1.4274866287045396,0.0,0.7199968026274463
3.310474635271288,0.0,0.8713335923402825
1.6761438040202976,0.0,0.3972912929459057
2.874622298820997,0.0,0.4253564962699836
3.6711529625657984,0.0,0.5742935397085736
1.4459881832593389,0.0,0.360059901930726
2.4966869936078258,0.0,0.9198709341305428
1.7319689301372507,0.0,0.44672646870264054
2.253282937825299,0.0,0.34022299445125703
3.451384426046755,0.0,0.8101400907454612
3.2554754378700435,0.0,0.4621404732699007
8.14385268425919,4.0,5.790495490662099
1.2017025402716834,0.0,0.6741921166150008
3.9739837046926616,0.0,0.420896528759226
3.147474894046266,0.0,0.6589018065748572
3.8787299329631004,0.0,0.7714733448596064
2.5552240658356125,0.0,0.6069731162742654
2.131852489313868,0.0,0.8634315777893845
1.6040913464079232,0.0,0.23556593459450126
2.3823363040981773,0.0,0.4056452594472375
1.178761292059431,0.0,0.9432983972456526
1.8926453539564618,0.0,0.5558708141989593
2.4826373417508996,0.0,0.3200595641835825
2.5702041127660245,0.0,0.46103356809781204
2.0602641379081543,0.0,0.36176831192256587
1.1996941837426687,0.0,0.10075284395957629
9.203698226747916,2.0,6.944328577348342
1.957301419729767,0.0,0.8230035744469347
1.95276038578335,0.0,0.5444613321491686
3.5195839086001612,0.0,0.5259465769014594
2.897188769396526,0.0,0.6435521229874175
2.281323365878769,0.0,0.6427950705063091
1.53776683572337,0.0,0.603755143837613
2.5045538810504993,0.0,0.932133915398283
3.413311623038515,0.0,0.4301759084443132
2.5928130352362815,0.0,0.6392628831813628
2.289793232170444,0.0,0.8794626935118923
2.989141575410267,0.0,0.2774267348009791
1.7245018839785002,0.0,0.5847568083373047
1.470438115950417,0.0,0.5025476067220231
1.0000921565361471,0.0,0.912584217924823
2.2915880153866226,0.0,0.7746729371817983
1.3661147045343365,0.0,0.10680070400236363
2.4943898306441272,0.0,0.7362798987834215
3.366797415328022,0.0,0.6741869488296138
2.710860816194171,0.0,0.4540965933775366
3.0042554097119387,0.0,0.5963464974967759
1.4289750461585076,0.0,0.38797275439788637
3.119889609636129,0.0,0.35442399198738617
2.720313664369858,0.0,0.46855699459113465
2.5565141713782165,0.0,0.02464440463632267
2.6199561391475665,0.0,0.7175613826485358
1.4958534704288722,0.0,0.2748956582570877
2.4628834290016326,0.0,0.9782654635294741
3.312765533932156,0.0,0.4595629775055219
3.601216955740311,0.0,0.9531201143941378
1.8277680831416405,0.0,0.32900572966223285
2.76505666294946,0.0,0.883349701022104
3.6987237198237053,0.0,0.3337765970697978
1.936192133956062,0.0,0.3006556405607441
1.2524198949851466,0.0,0.05126345917599817
1.5873339570506384,0.0,0.842538229398637
3.948218622731158,0.0,0.31869725728539733
8.429018145989811,5.0,7.590035340433416
3.1737948605428867,0.0,0.22806181690001992
2.876952368281829,0.0,0.8112305584013578
3.675616434432204,0.0,0.6332689173374889
3.302702885553755,0.0,0.36361144919006383
3.496402533873226,0.0,0.9845758963761131
3.393742478847682,0.0,0.5990110442135675
2.6290737518729896,0.0,0.9122545611011557
3.4200805590842176,0.0,0.7493153551424344
2.4152195125553173,0.0,0.12258315650718299
2.911604430424841,0.0,0.009098181280775997
1.1712605682679444,0.0,0.3723070985730478
3.170260341065755,0.0,0.2042564679363964
2.173098607382196,0.0,0.43867169680304885
3.5226147382777677,0.0,0.8416154597578153
2.944700406423538,0.0,0.1037747086347407
3.828172957282337,0.0,0.4036466944934778
1.7236043727986243,0.0,0.009969234734518495
9.142741982180276,2.0,4.498456830830085
1.1804270278023556,0.0,0.33836786592521584
3.437421463132515,0.0,0.16418496405635874
2.40996480447381,0.0,0.41499775837075425
2.276480003344226,0.0,0.7419953911261723
2.228234956573721,0.0,0.5787564763599993
2.503826933877188,0.0,0.9806482195640496
1.775774773404352,0.0,0.43902924398044796
2.180666008318947,0.0,0.63267703484136
1.213565945380687,0.0,0.9128008004078617
3.0808541724213856,0.0,0.33269017969267
1.5899607548588761,0.0,0.9132059618141724
2.457615277558977,0.0,0.5908662673951145
13.161486865864788,2.0,5.801532852156032
2.885279369843761,0.0,0.45632592382239856
3.0851056865756594,0.0,0.07055006370989458
1.4177361133527855,0.0,0.2851865960100478
3.919230393736895,0.0,0.5097355100039371
2.972060446510386,0.0,0.5971166200155034
3.4878603979502665,0.0,0.7667683563383357
1.7695901873327435,0.0,0.989279945106385
2.6233414746365344,0.0,0.13541884981782804
1.4225710611393996,0.0,0.8263903116005552
8.959479470144766,5.0,7.028602321229757
3.4928475131652053,0.0,0.287934094093219
3.818705767075497,0.0,0.5471276425689006
2.5079112793155764,0.0,0.2423536951367623
3.8742204403581404,0.0,0.2511920046044672
1.273618309146071,0.0,0.021009156986360744
13.068255002455174,5.0,4.674058573836737
2.5018107134641228,0.0,0.7869757993812009
3.1250889301451044,0.0,0.6315443786761603
1.779012516851242,0.0,0.40561939025544236
3.7072390998583105,0.0,0.4243890180725104
2.899454126782067,0.0,0.311512299013986
3.9355764051674216,0.0,0.44727296815712203
2.8826742402521903,0.0,0.41073154349101204
3.4463842853645024,0.0,0.3933206703851887
2.930733085589575,0.0,0.7939550847155906
3.4575665782803706,0.0,0.48526674234262157
1.5583042535388318,0.0,0.4596327543564602
2.443833853657711,0.0,0.5171503622838772
2.3098425693062983,0.0,0.24527930497436734
2.090888807137882,0.0,0.02534860426393848
1.3546558668732658,0.0,0.3650836732844007
2.0733947959763253,0.0,0.0036563113446492768
2.9002112695312703,0.0,0.3137031247571562
2.025452055093628,0.0,0.8586001069824982
1.0709157581390092,0.0,0.9507447132126717
8.566774554806521,4.0,4.595153135396611
1.091957506617418,0.0,0.021149823349416286
3.5325113469075915,0.0,0.7433528955700124
3.526496129951143,0.0,0.4110471935560581
2.021812499743875,0.0,0.7699736182066009
8.056069720917465,5.0,4.686775972513965
1.9846993170350182,0.0,0.46245681706514796
3.1885246859571903,0.0,0.9384476404104076
3.4264789704750522,0.0,0.5313307926731757
2.7364202635358215,0.0,0.4433203207726987
2.9462413416850546,0.0,0.34171187934168834
1.2309150081426221,0.0,0.6043807190828081
3.9097795760355725,0.0,0.15853615849992353
3.6882738997704796,0.0,0.1322687150984817
2.2368391834949968,0.0,0.2960655100389471
1.4762102901229286,0.0,0.9107949305099489
3.4108106063246053,0.0,0.503072600271609
1.8241945765585585,0.0,0.03429790130331167
1.4037288013123232,0.0,0.8317853001851593
2.3020580985216257,0.0,0.294701369885528
2.466693495377354,0.0,0.3831644685591258
3.24241281440127,0.0,0.34206943465755535
1.0412366620340356,0.0,0.3458285703095939
1.5046109672995547,0.0,0.2770254488696243
3.6048138415397757,0.0,0.8360789007952809
2.2290131601279777,0.0,0.4109606080359033
3.0849456583796275,0.0,0.41798408550691357
1.1700412964975062,0.0,0.49187595946082374
2.2424232046469985,0.0,0.3243136638755806
2.507698229390327,0.0,0.02103690246046863
1.2900293489401589,0.0,0.9678645659513553
1.8164354116898882,0.0,0.8323910417019079
2.970188454164824,0.0,0.2571185039986945
1.402045685351922,0.0,0.47698339261765377
1.6315208189960289,0.0,0.9694393756758783
1.5484401656176776,0.0,0.1626522181899006
1.0540196668013635,0.0,0.9537036264917079
3.497090618982985,0.0,0.17608928794385392
1.563167217076756,0.0,0.9336153778350941
3.2268766944608416,0.0,0.27993732969190666
2.598873359654006,0.0,0.2402450184643039
3.671581842219685,0.0,0.3720435678122074
1.8208799988449975,0.0,0.7697314182968802
3.2136549545038187,0.0,0.7271311968819275
3.8513775117258873,0.0,0.9019161078378828
3.987203356153969,0.0,0.9092650434553408
3.4819064492117375,0.0,0.848417726430511
1.716388634144618,0.0,0.1972426661670168
1.020856391593572,0.0,0.36250198453151317
3.828195322405377,0.0,0.4173829418004733
1.8178720022006014,0.0,0.7136073662634715
1.7246105251050454,0.0,0.9217266694516614
1.3357588581931836,0.0,0.3011755869973588
2.886828540339652,0.0,0.09957971354002892
2.553881583137737,0.0,0.36727770128070925
10.058693098502056,4.0,7.827967075481766
1.2815718544700685,0.0,0.03879945472888746
1.1010292116233922,0.0,0.6814606125171713
2.0593086668151686,0.0,0.8721060637465811
3.6048175162251415,0.0,0.3387329557744314
2.6652548479068585,0.0,0.26766843719429756
3.318428719871012,0.0,0.570664578980789
3.0295401573317395,0.0,0.33721249040628576
1.811931825945297,0.0,0.8578891852462399
1.389036934672706,0.0,0.847296745535494
3.671975366385527,0.0,0.6637044789262561
3.4303401840375423,0.0,0.43539632339975143
11.479806921218858,2.0,7.239652481224361
3.414720330524316,0.0,0.3997195509744276
2.166031869068446,0.0,0.16881000578456418
2.317449449901245,0.0,0.043881088368743604
3.0683949074117973,0.0,0.1608602934850979
3.6264659511876896,0.0,0.8055808264412336
2.414948472251786,0.0,0.5069301160771944
2.975984064819301,0.0,0.537416938599807
1.8889243613679703,0.0,0.8429454824561972
3.5842541382865525,0.0,0.37593837540329333
3.3079146809240196,0.0,0.4108163955674278
1.606881847474611,0.0,0.8891305357048583
3.895046108363416,0.0,0.9405373011029476
1.7593046175388263,0.0,0.8690990687247285
2.0068313628095282,0.0,0.23707039117417805
1.2137701832957757,0.0,0.1444364841550776
1.2741744589953292,0.0,0.6272584006359783
2.4280543881062995,0.0,0.7271628097401385
3.940097725856431,0.0,0.3164571308744162
3.7960843165300524,0.0,0.9880139620654216
3.9540092185735247,0.0,0.10184726514238274
1.9862548308625247,0.0,0.3032197838442505
1.0372121088319444,0.0,0.546614939663671
2.563888142962417,0.0,0.5364103830800304
3.803631642146547,0.0,0.695677663215339
8.111147460475735,3.0,7.711240246590785
2.917359813446501,0.0,0.19769030311448754
2.5616315119145754,0.0,0.379900522322704
3.1209294623671484,0.0,0.19710603882365219
3.3292388822259906,0.0,0.7663472131046524
1.9419001521320585,0.0,0.210528488440613
3.699500037061817,0.0,0.23228965409645264
3.1151227190607784,0.0,0.37803106223319516
3.618837507629225,0.0,0.1070291342110381
3.9522504075978855,0.0,0.9861767972836948
2.1909445512228505,0.0,0.5120885766986639
3.7625435434470607,0.0,0.48529063406171535
3.37467460777411,0.0,0.8060967479607475
2.1426725698930644,0.0,0.12907124693088146
2.6922220865005535,0.0,0.9974229390535542
2.847589564546914,0.0,0.7951102825267247
1.3849775865662934,0.0,0.08800602751145226
1.795978412666401,0.0,0.07235725774132662
3.7656227050693505,0.0,0.5446308711071358
2.3129839844446103,0.0,0.5274564637217322
1.1517193114726867,0.0,0.3559683908322365
3.320419377059802,0.0,0.41049871369737934
2.5169024602658765,0.0,0.14086860395086132
2.416845412488945,0.0,0.4241850557459762
2.3777955915196416,0.0,0.8067078077450615
2.063274846379165,0.0,0.3814088099031234
1.5559905385861432,0.0,0.4707059473159374
1.2275899843259919,0.0,0.334878290136985
2.1104761007663333,0.0,0.6484645569002371
2.014802517983495,0.0,0.04914839034517704
2.7750914869189764,0.0,0.24134970383749987
1.1614915747253773,0.0,0.46427236932434
1.0718387958114506,0.0,0.16905774913370575
3.371529382824655,0.0,0.1100177211275436
2.6614067221371287,0.0,0.3290737794607279
1.1636962248480969,0.0,0.13823208678533716
1.4277824322457262,0.0,0.2648163217783188
1.6359821640959742,0.0,0.17571524583682585
1.8128280949490962,0.0,0.08303875781018644
2.474847625350497,0.0,0.03646105082561846
3.883406456222779,0.0,0.22810037790238513
1.8378282653632314,0.0,0.4030387579071322
2.8662601006836206,0.0,0.9987929358156545
1.9508278653018443,0.0,0.5051640182933148
2.879777533279631,0.0,0.8058911691968542
1.0877418491036774,0.0,0.16456605842933492
2.639290948233542,0.0,0.08757456298623822
3.795261158298449,0.0,0.49044909673594994
2.9761529161810665,0.0,0.513633383928651
2.3541610729890263,0.0,0.9471529360063548
2.692695450053608,0.0,0.5067700407177881
2.3222882408146845,0.0,0.24465505460471304
2.861981439473752,0.0,0.1474539174261349
1.218204843336005,0.0,0.7020971883794911
2.2355227424418054,0.0,0.31690413772062476
13.079304654919177,2.0,6.014307585354366
3.567088281512618,0.0,0.9285077519437785
1.8192124299184371,0.0,0.8275812174807021
3.5221090840336,0.0,0.5408270639715397
2.7598253895264224,0.0,0.6181029655616969
2.85143495981209,0.0,0.6250915526865286
2.085559279615416,0.0,0.28428828909545933
1.3422873546638001,0.0,0.938719301977863
2.3182149690833564,0.0,0.38401907396495816
2.6805045503855256,0.0,0.8700249255201656
3.8695041948984406,0.0,0.33410465208656326
1.6112993773830673,0.0,0.12115546126098542
3.0679312363080706,0.0,0.5713395284530771
2.5947164580601934,0.0,0.8473550539093668
1.8528222787825501,0.0,0.7066425217489339
3.71876374156311,0.0,0.3043075918208643
3.574531159471492,0.0,0.5099850793134971
2.365515975200969,0.0,0.5628302372146029
2.191045123711575,0.0,0.11974678850053189
3.0340484576771907,0.0,0.4923670487012489
1.544306305269392,0.0,0.20588198817832115
1.054697748029085,0.0,0.9747600813361953
1.3404205637217672,0.0,0.34213260011189495
2.253300346502001,0.0,0.2814773024509194
1.4806768029295188,0.0,0.08693956069225417
3.804189746464903,0.0,0.5149294953924828
2.810911601678125,0.0,0.7194599676699719
3.539543016070834,0.0,0.8071070203195128
1.446387908215347,0.0,0.5438779211611176
1.1920190398258628,0.0,0.7960685253969374
2.021234668342779,0.0,0.0037196608180591895
2.4495425899410055,0.0,0.7443682043039906
3.389611872928529,0.0,0.648256954077822
1.2169494257738158,0.0,0.040585712134695084
1.2505747440400563,0.0,0.5993635517382656
3.067262961244689,0.0,0.2582643578871635
3.032594841651054,0.0,0.9369492539086954
2.7646068008451716,0.0,0.6337832847472876
1.7145483431401796,0.0,0.8403481775885081
3.962008475738638,0.0,0.03820278375739106
1.5443150430868808,0.0,0.9665907702233167
3.7028826870714036,0.0,0.9509413518658343
3.9087538832936755,0.0,0.12384602670581746
3.6397438801810433,0.0,0.04457004071263082
2.161967553925942,0.0,0.02213445102949707
3.7952212099495246,0.0,0.16473400888772405
3.8154464746424637,0.0,0.15468484818486117
2.193566797137225,0.0,0.241601276435763
2.69755168093974,0.0,0.9760705860319043
1.2747462199799025,0.0,0.6917776391419823
3.116757587931474,0.0,0.6690535153169479
3.814914455345448,0.0,0.47517086602262826
3.544126268804452,0.0,0.16859904843403684
2.9228965842962733,0.0,0.720433702225778
2.039572503858155,0.0,0.1645253723928124
2.7328952630332677,0.0,0.542033345097202
1.5593147864327634,0.0,0.7360354004260655
3.8908599312677588,0.0,0.8157453806261209
2.9318697383428405,0.0,0.754940200158329
2.185777946293473,0.0,0.9960127833822483
3.629960807975035,0.0,0.4328399210571723
1.3766493696954312,0.0,0.005324190571064258
1.027591154849889,0.0,0.7489631508603986
1.5005806050962585,0.0,0.13257407748448236
1.4119000981467107,0.0,0.5348727557587553
2.2898728593394653,0.0,0.9159430039540524
1.3164210998698918,0.0,0.36663770009645646
1.5675873771710647,0.0,0.19882853028647995
3.451893309887481,0.0,0.572772509737109
3.9369433455244267,0.0,0.21456482009284983
2.094467410623396,0.0,0.32874598834960655
3.1365376640426077,0.0,0.4826012356615207
2.937175130053161,0.0,0.8763139699155088
3.0478516636702073,0.0,0.2685000761974954
8.110134346274851,2.0,6.817694485909946
3.624105018052598,0.0,0.2994231248031066
3.2845318951524165,0.0,0.8295658314283686
2.267645284935834,0.0,0.44677215883960686
3.2106212348325465,0.0,0.5457496797794357
2.7295494265427607,0.0,0.6459278930230393
3.0868544394904207,0.0,0.34562703703615894
3.0749669555996246,0.0,0.3864937228639137
2.3277320377984463,0.0,0.4329730498397063
11.00628426676651,2.0,4.027830349213165
1.712912631977199,0.0,0.7415661084668296
2.488717665702442,0.0,0.7708145216643212
1.168909827045512,0.0,0.8695336718149798
1.205059600929876,0.0,0.10294614470028618
2.5692935325104465,0.0,0.597808013401514
2.5338263866022537,0.0,0.28451195974244414
3.8728949388177636,0.0,0.5537282313983612
2.012845514210884,0.0,0.18015864773261925
3.393196790044642,0.0,0.4533706056041573
2.178685326679537,0.0,0.28949786511971964
3.399748256119568,0.0,0.18424865157267423
3.758175919643252,0.0,0.8565719886833357
1.9458710134918311,0.0,0.21143125799891116
2.7010487829600036,0.0,0.7984535050511905
3.977543860485914,0.0,0.9539208038467222
2.0805719242337886,0.0,0.666685651892513
2.536279174897843,0.0,0.59742924257342
3.397473913314346,0.0,0.959916689642091
11.653994666311572,4.0,5.461805938613095
3.378563257101518,0.0,0.1936238097954608
1.3209419164808751,0.0,0.6734197289114326
2.3642930276579834,0.0,0.19128915669651436
1.1372261014375384,0.0,0.9656098313808841
1.6636283254588067,0.0,0.7621296204503246
2.4398165041513704,0.0,0.5469155137931242
2.1964683426907015,0.0,0.5498769211562105
1.5887371501184968,0.0,0.8240944904843742
3.5346259329083636,0.0,0.5464070742121321
3.2538367731213005,0.0,0.07824209858002273
2.9635336428434056,0.0,0.9364933313102257
1.8898374464712795,0.0,0.35513176402571633
3.4419108085180565,0.0,0.5281777214230171
1.623658765438082,0.0,0.7416841289918231
3.1838179209212956,0.0,0.9437741203448161
1.5150378575449106,0.0,0.14424002111810352
3.6054039276937386,0.0,0.8508527573220954
1.0785901255961945,0.0,0.29119645499662417
1.686626387450497,0.0,0.24099625799591795
1.3133635543004543,0.0,0.32389555258037916
1.7921859540811562,0.0,0.6633626109564928
1.6729556765605786,0.0,0.2520698868501715
1.7573108330320624,0.0,0.23828967055309158
3.214100849279111,0.0,0.9069855184382437
3.5517451872827257,0.0,0.9522640145333723
2.7493906572987505,0.0,0.42960274344854676
2.454088861390141,0.0,0.11054316630858052
2.665602434798387,0.0,0.5689554832818507
3.549926114441986,0.0,0.4332509323090279
1.036463424069449,0.0,0.29992939747306624
3.076033767839964,0.0,0.1705303893937753
3.199339067245843,0.0,0.26974246587376705
3.245067560997219,0.0,0.8315739259104525
1.9281181535883463,0.0,0.07442841843851566
2.2583439818719406,0.0,0.6906227420813416
2.6227150115142424,0.0,0.2740117803855475
1.9168126464706448,0.0,0.5722838145420012
2.947966973730645,0.0,0.9920921870288201
1.5597010721539173,0.0,0.49101976266891
2.6992139208906916,0.0,0.09301740926267499
3.013279471257928,0.0,0.2522231342306188
1.1731964776753516,0.0,0.21972275011039688
3.318764445628345,0.0,0.11627368029288065
3.2523089476331672,0.0,0.19908231282795774
2.0224106207590538,0.0,0.40641653657401866
3.8101899662102037,0.0,0.7439051873021519
3.4805756829182593,0.0,0.2700584661015557
3.1757729812454096,0.0,0.9059116712346476
3.293583383964153,0.0,0.9143404426664835
2.516526281169592,0.0,0.2148546064249981
2.3989292684205106,0.0,0.7943842250928563
2.632761898341093,0.0,0.887817640335819
12.333867009942246,4.0,7.2749519618186085
2.429310959031375,0.0,0.7028664440501013
1.4177622123541118,0.0,0.7255682475599482
11.662363199864322,4.0,6.871042179264924
3.8527857835076453,0.0,0.894761987012495
3.4825567663189094,0.0,0.8533957335369416
3.3015648667933806,0.0,0.34222552477890456
10.252991732124322,2.0,4.266511993641499
1.7378731851535245,0.0,0.3534731920607206
3.077478480007676,0.0,0.5340361132046566
3.670291105551425,0.0,0.9335931437012516
1.3564537488042157,0.0,0.18065754131130318
3.355568629445225,0.0,0.6786600938268971
2.8450389041166,0.0,0.07850986845360985
3.6122497038175343,0.0,0.7867230147335408
3.4689514151253027,0.0,0.45723041961954436
3.4177762003528636,0.0,0.2622743218149849
2.156535714210767,0.0,0.5925681827648268
1.2028142484171496,0.0,0.2912233185782761
2.2845988447768444,0.0,0.46071217134827547
2.0438242347465,0.0,0.8019139528361265
3.084853266707385,0.0,0.5908045335179158
2.6001598862960877,0.0,0.8950851727663146
2.815268555621615,0.0,0.29129374720550527
3.476246992371844,0.0,0.3037238516318258
2.219771612078417,0.0,0.565557483226387
3.9107713291781714,0.0,0.5423865601904387
1.94306794322898,0.0,0.775234538899056
1.0415864077385804,0.0,0.8757170365589394
2.5470382830894933,0.0,0.3522309750707453
3.094485142059235,0.0,0.3860509356518358
2.8881959144057876,0.0,0.6647392049108463
3.9318397976993418,0.0,0.4958194726485391
2.3613686241509177,0.0,0.8018258998755151
2.102603266874594,0.0,0.5952768411040545
3.516991983154032,0.0,0.09612585173215149
3.2127469047666746,0.0,0.05662555737755803
2.4166447754858478,0.0,0.2739880994699718
2.5570968403886463,0.0,0.707947826701189
1.0707848939365874,0.0,0.3341430223838622
1.727411510904189,0.0,0.9669685146183153
3.0837862817598563,0.0,0.03105687603515561
3.139138151902956,0.0,0.6874368609408673
1.7526791370733075,0.0,0.9059439679262645
3.4698196380400903,0.0,0.4807861681797273
3.896896099223678,0.0,0.41739478232914795
3.3301316708655437,0.0,0.5723151856300766
2.6019024176432914,0.0,0.8814858195889105
3.0144374460016206,0.0,0.8972984957497385
2.9342357457304558,0.0,0.7529861930391851
3.742896419681497,0.0,0.9117851123817714
3.5752382555290354,0.0,0.6486829533573645
3.457306953022599,0.0,0.4555667819901088
2.537091332637372,0.0,0.7476518245649778
2.286106062959301,0.0,0.9166431026939161
3.530948992155471,0.0,0.11927167203974343
3.1580608671074755,0.0,0.9431958496934507
2.2232443150081966,0.0,0.9072431672770787
1.5150817231163487,0.0,0.2731596203699451
3.1074522519613277,0.0,0.3220675351957297
3.756779600918663,0.0,0.5232862493002498
3.67613966553134,0.0,0.000943415267631087
2.278543906707919,0.0,0.40035662683983064
3.7813713455933478,0.0,0.05168567991113182
2.402204533749609,0.0,0.5954148016201084
1.440888128764629,0.0,0.8503177081575989
2.3880393570088194,0.0,0.15636214164487505
1.9365692097073883,0.0,0.7617427064695159
3.9013798457775115,0.0,0.6200013334774084
2.0682901776935387,0.0,0.6877692063657348
3.728880458309777,0.0,0.18677252823112933
3.5483392186772065,0.0,0.9201969860742739
1.6470254571931515,0.0,0.40226041368354204
2.788150347282851,0.0,0.9257885494945683
1.2448899460917686,0.0,0.10682099296399061
2.1834288357101057,0.0,0.15569259775593292
2.0734422523406466,0.0,0.18913869632674007
3.0818453334013,0.0,0.5454279502117131
3.590000948715476,0.0,0.08613577154903629
3.002780156690754,0.0,0.6282065970930439
2.252233009446337,0.0,0.20408766115576027
1.544793150404277,0.0,0.1633544497431565
2.0004975150734325,0.0,0.8218393227529025
2.6865664331935752,0.0,0.3477700976044378
2.697234851839868,0.0,0.9864140184828889
2.653479885749116,0.0,0.13351555135281956
3.8728758535161405,0.0,0.9122075712491822
3.249933395356212,0.0,0.6607273931091515
2.590906399747475,0.0,0.7068035962105051
1.8571227029826711,0.0,0.5308590342884758
2.829092275457848,0.0,0.09761876053514895
3.4104482298906538,0.0,0.4427359277064583
3.6920975973727956,0.0,0.41283939775890643
2.2700054324595924,0.0,0.15265816454078374
2.1418698804297405,0.0,0.9883705667215711
2.0524573280050467,0.0,0.39317043456426415
1.4098027109535178,0.0,0.30476091279732576
3.488183994576541,0.0,0.8425545014651813
2.192837135658612,0.0,0.2335804342223592
3.9934625670459347,0.0,0.6060138319360813
1.0835567224632232,0.0,0.04488101647271803
2.2009385085189823,0.0,0.9487049182391808
2.122812387268361,0.0,0.7653162995253863
1.94688203129005,0.0,0.7141191409249159
1.8863343324322608,0.0,0.697013013934263
2.962877656974886,0.0,0.5323602348613149
1.3827409083866913,0.0,0.895555740873885
2.1175267946603977,0.0,0.8732543566916726
3.070014672461997,0.0,0.039417585120362975
3.1418578975197695,0.0,0.5336169313092108
2.289020090065444,0.0,0.33616533857958
2.3219946502728805,0.0,0.4759063274732007
2.0183505776284183,0.0,0.8467850018697454
2.5898217607906986,0.0,0.12357249059949049
1.592411469579812,0.0,0.2519982216440717
2.5450169791291692,0.0,0.2625086042665441
2.98694121619216,0.0,0.2659740646541121
2.1915505888553644,0.0,0.34961439880772216
1.2505021500960063,0.0,0.2827654570600986
2.821268736156262,0.0,0.5042634607930315
2.0757353845746196,0.0,0.28107388544511314
3.0764840250823955,0.0,0.7139579478647715
1.956926890881284,0.0,0.610363007818157
2.1837282267929394,0.0,0.4975660833887259
3.834297189647284,0.0,0.7096713435045244
3.497327922401265,0.0,0.7545693612057366
2.5540241992138744,0.0,0.5851947853928539
1.2908970128962742,0.0,0.7979431892533
3.9845989515093017,0.0,0.05535981693840952
3.7002495490494423,0.0,0.4760567021510618
1.3842872390986,0.0,0.4707009994910616
2.0536581620463426,0.0,0.852538740855967
3.5421637917141213,0.0,0.6137079695437473
1.6321148916016095,0.0,0.30145618641066796
1.369009885371237,0.0,0.8043744141377006
2.6615628532039626,0.0,0.8843434279712875
2.6901860521379204,0.0,0.23600793032371203
1.196069022396827,0.0,0.9993503004722002
2.4498828548989757,0.0,0.9617624783454688
2.1933803227872946,0.0,0.8950667229362141
1.3345366369638292,0.0,0.6637343606939384
2.5350323263469985,0.0,0.2608492459620889
3.4533559895708352,0.0,0.11323122325912538
9.193500882423349,3.0,7.5442958683821
10.00481847125704,2.0,5.735740998525495
1.1993899773288164,0.0,0.41484685030159496
3.659141085880425,0.0,0.7771859094396096
2.8187588132529324,0.0,0.12613765801615207
1.9484683149302515,0.0,0.052825893908602484
2.8104792881301357,0.0,0.7381507548416897
2.4267885754660248,0.0,0.4028900310500486
3.177867036610718,0.0,0.623210373068007
3.9618283879448333,0.0,0.857857783517489
2.516562375170471,0.0,0.9705733326273605
1.9354483992557787,0.0,0.4303431736890725
2.797897861019166,0.0,0.042334492518303346
2.02734393650414,0.0,0.9473068992369621
1.8920470221176524,0.0,0.7210546608978718
3.8412720013255575,0.0,0.4258931550366818
2.81852390335264,0.0,0.18430139695009906
3.4106129783878103,0.0,0.8551094219974401
1.5377597672178422,0.0,0.12897890792716526
3.665977240796196,0.0,0.8616249500839784
3.8104673860992753,0.0,0.6361056346436186
3.192611037328481,0.0,0.5705614046246065
1.3335924469184541,0.0,0.9766176373150092
1.1567736378580713,0.0,0.16473089608106173
1.7831455787045443,0.0,0.01526483964602976
1.270869310163225,0.0,0.16622936205165872
1.1445580371798887,0.0,0.27821718706882215
3.774080854835688,0.0,0.9615507321375663
2.781341895830357,0.0,0.38394889426297263
3.202453777124939,0.0,0.573499584935216
1.8981867651150437,0.0,0.6415796812433943
1.2847538104650091,0.0,0.8238017499205379
3.584109989090308,0.0,0.36602826574651526
1.3236742809799134,0.0,0.10868253937469208
3.170330987064736,0.0,0.8013520582702486
10.73191046037157,3.0,6.477405223745196
3.943353723603807,0.0,0.3777968239094115
12.926191682578587,5.0,6.4702292528384735
1.52916095951867,0.0,0.701499101465166
2.051880793627542,0.0,0.8736780345607488
2.2763093158492502,0.0,0.2175879399316445
1.6481145475287988,0.0,0.4057144241809477
1.5084782400582775,0.0,0.8696496848121713
2.9078209804801327,0.0,0.015838070944874216
1.1559138509544171,0.0,0.5356889704560298
3.4434054477668075,0.0,0.34327548906444827
3.960660809801552,0.0,0.1992196858370765
2.1639602798406083,0.0,0.2417645074796816
3.995042534178849,0.0,0.4593460101728227
3.7629835632897275,0.0,0.04916082915504816
3.341096509020645,0.0,0.5134344971258201
1.0574664566537586,0.0,0.41392605805258886
2.0301601065329327,0.0,0.22012924419752666
3.9417046811821708,0.0,0.8781151969857014
2.5770705469080575,0.0,0.21171437214797084
2.343020276231255,0.0,0.11285814471276223
1.2744605121932646,0.0,0.7322192063122223
1.7117472624904002,0.0,0.2160314403930722
3.022059757176378,0.0,0.8918202114066128
3.063166127291682,0.0,0.4848587397161036
2.4768335693441044,0.0,0.9994606810596731
1.753004149786901,0.0,0.01177987628664201
2.86724092469799,0.0,0.8611135200614256
2.462713581020153,0.0,0.28684664564719997
3.4637719140160383,0.0,0.6439079570677647
10.626663631337413,5.0,5.330626399283566
3.4179776493254743,0.0,0.35018652433196107
12.695909376937259,5.0,7.056372000851926
3.3167343078899725,0.0,0.28418429571172876
3.1743003145862843,0.0,0.8196770027804591
2.651595041788677,0.0,0.8107206729451748
2.883124159214254,0.0,0.23285855687609425
2.6626795423960496,0.0,0.08877326695623267
2.5576737123406152,0.0,0.20033982109644233
1.468457792098571,0.0,0.8437287927102575
1.750728694493786,0.0,0.012003027272682543
1.5261138358703488,0.0,0.5645940812903215
1.7490068582206906,0.0,0.5807371397973519
2.264273651777494,0.0,0.126110141678625
10.178795541556774,4.0,4.0009634980714655
1.1312172169268422,0.0,0.9080836870598544
2.5211789402161546,0.0,0.04741563614008493
1.4813878428136793,0.0,0.07958814737204245
3.127138785167298,0.0,0.14278563666788469
1.9355915737506497,0.0,0.25602117306151306
1.8310375729779365,0.0,0.7969475040156458
3.0182938432374002,0.0,0.15633143839283858
1.7126323926229823,0.0,0.9197925717794363
3.6222153199155556,0.0,0.7435442696372946
3.8414843887007435,0.0,0.9449847855558431
1.564363479171284,0.0,0.9099301581597186
3.4562206884521522,0.0,0.6482091774485559
1.37665064428796,0.0,0.2678735828174408
3.990622755537842,0.0,0.6825117301162001
3.9629486912081733,0.0,0.19819638642166815
3.242333219790082,0.0,0.3429665197000782
2.6149958297671403,0.0,0.44153401037889695
3.1420979334005694,0.0,0.432437166716503
1.7107999747199458,0.0,0.8624341301411569
2.9226242344096436,0.0,0.948369552788919
1.3053474178612112,0.0,0.04929449276441644
12.996674426139768,2.0,4.434429609385971
3.9631671692080945,0.0,0.17396370590333865
3.032693085526847,0.0,0.9520624466390027
1.7569357812090614,0.0,0.06675025485075692
3.0648227073407113,0.0,0.7298891177035978
3.854269662536698,0.0,0.02090951233523497
1.380833241264918,0.0,0.5441801159419536
2.9926581549669047,0.0,0.8533464976087238
1.118030622005529,0.0,0.4074078813546854
1.6950151041503303,0.0,0.6300186806188274
2.9355183712283495,0.0,0.04960590834948275
10.773970984755696,2.0,6.356474943920946
2.813077959144313,0.0,0.527772209068877
2.414728565650475,0.0,0.06803731409166969
2.607805236556355,0.0,0.1258023363460513
1.4004399172478315,0.0,0.16098443168737475
2.168445684707261,0.0,0.9222233181548601
1.3739880436098004,0.0,0.2635514794967778
3.9863125485739297,0.0,0.08337905376875954
1.2131046671320065,0.0,0.6114948527191991
1.134990463706273,0.0,0.049158523621427586
2.9122897044946194,0.0,0.08496628988946642
2.9037472526509114,0.0,0.448851365652003
2.065959245421663,0.0,0.01795786375015096
3.1879294014316186,0.0,0.46096959221253964
2.74651138052882,0.0,0.2343250656505268
2.8544672029543574,0.0,0.6231378537478254
3.4950911310273205,0.0,0.07552708602588687
2.1483523012091217,0.0,0.415786062069183
3.2651257862388348,0.0,0.12906512482906296
2.421763660348308,0.0,0.5323043638481663
3.525800700375426,0.0,0.8072616493262504
2.9951100236387664,0.0,0.3545482088286074
3.5489421720322345,0.0,0.9837115832091518
1.9293635776272977,0.0,0.7416378186176209
1.5803060288694477,0.0,0.8986389283011033
2.533340915468502,0.0,0.15737851486886756
1.2915294813123057,0.0,0.43034653237220044
2.990570781740357,0.0,0.994287985761059
3.9435775874923475,0.0,0.22458238265390107
13.15799328599885,2.0,6.864695507825722
2.7234193395397357,0.0,0.009827552569787845
8.285106543242662,3.0,4.563081831084853
1.074914986351149,0.0,0.760704806043895
1.7486385995485183,0.0,0.08645750712015232
1.1201773571520834,0.0,0.33324174055072764
3.9745983274821595,0.0,0.589267338756667
1.060213593333179,0.0,0.13945023620516017
1.8306329444416112,0.0,0.37097371259216905
2.5831033272588995,0.0,0.3999830182935685
1.2403445391540253,0.0,0.4035199924402112
3.8350721937417065,0.0,0.07555449376276957
3.83217801905984,0.0,0.9407508592344611
1.1733416829891,0.0,0.5381210100398132
2.730107196573269,0.0,0.2522528338551704
2.465929571213997,0.0,0.04486055762771701
2.5641310644212236,0.0,0.2964407247793972
1.4060622468330566,0.0,0.8618438232948299
1.6981850467466555,0.0,0.6470701662588739
2.4926195564383065,0.0,0.889687412571665
1.2580964710988296,0.0,0.6091953913933262
2.7706920006072613,0.0,0.9916243429612281
2.403043637454631,0.0,0.14065333923366674
1.3041186926594774,0.0,0.013010213425872719
1.5011257237028497,0.0,0.5797714417624796
2.6238103328250344,0.0,0.1983725398477013
1.129521207391035,0.0,0.1996697380406467
1.2405602704363399,0.0,0.9505939659311243
2.5234151918763374,0.0,0.4481708470213185
1.2942477423527339,0.0,0.8455108108405605
12.854207301442049,5.0,7.931779686480885
3.86695449468926,0.0,0.23672047585383293
3.46653966044927,0.0,0.6696112565375176
2.124611738571112,0.0,0.6082113767664467
3.553452206277945,0.0,0.6287213870255821
3.745004613242582,0.0,0.9788560151782346
2.681980283248513,0.0,0.8644029871943977
3.551044003359686,0.0,0.9706680277938705
2.6069697980427358,0.0,0.41050482134835653
1.1247185771511763,0.0,0.05450927741371958
2.686890447633729,0.0,0.9355230227588572
3.5860434468178677,0.0,0.562144753827585
3.7890929570277194,0.0,0.06903693691137491
3.8893453347675218,0.0,0.06360143637779736
2.969435821994508,0.0,0.41030372187266206
1.2551691564677232,0.0,0.7769463883925212
2.3598665042440827,0.0,0.6707650254430357
1.5637611424459692,0.0,0.8011715032953248
3.2602837667709075,0.0,0.9484251555414929
2.8054202018363417,0.0,0.5176389356894345
1.9562575087962097,0.0,0.9654486346006212
3.4676043831525902,0.0,0.9440412782809274
2.2454369619782373,0.0,0.8594345828335509
2.7567630516178374,0.0,0.5195018547649811
1.8124189841109177,0.0,0.8392079530394589
3.396142574963724,0.0,0.37049143705951426
2.0370879805117585,0.0,0.7950115369284704
1.814228141340143,0.0,0.4549507768419997
3.000592772638313,0.0,0.9701168864184322
1.1554706104672807,0.0,0.23875177108602408
1.990854002506253,0.0,0.13696663454423585
2.1160542573783494,0.0,0.5817215274734767
3.6102966217027896,0.0,0.9643532340359865
2.293905119023044,0.0,0.19695363020872136
1.0698158072074775,0.0,0.2497441792293552
2.75732674382039,0.0,0.09949466887296465
2.5701727341230995,0.0,0.3984787621092144
1.7392060997173204,0.0,0.03900642076281813
3.989910511221716,0.0,0.17916391829015088
1.0378225599272772,0.0,0.20588731076659939
1.0763432797172525,0.0,0.21905917305988332
3.6585138821679792,0.0,0.5051657115227325
1.281702147368255,0.0,0.6428065910861737
2.8094563283991647,0.0,0.968326960099255
2.871229254592027,0.0,0.8025607481516279
2.983042762741961,0.0,0.5298756255182061
2.6789209939246534,0.0,0.8388393367652703
3.0034140496792197,0.0,0.8425345083518017
1.2832566929814428,0.0,0.9804707977830711
2.3794012713079606,0.0,0.26804718737863775
12.91920888516203,3.0,6.107075629077968
3.012196935717502,0.0,0.673008166288677
2.1979977405976676,0.0,0.8097885286881047
3.808464322482343,0.0,0.7767984372086307
1.4927973937929788,0.0,0.8116270144448535
3.0076007888142353,0.0,0.8312458050899425
2.0035338662257964,0.0,0.23073459020705378
3.3239605935435454,0.0,0.7130142918617408
3.5576422637379115,0.0,0.8168779858937828
1.3951450857372807,0.0,0.46339100880464623
1.3347789998717423,0.0,0.011526014052985256
1.4091144267603093,0.0,0.9269075621458641
1.2468169728311858,0.0,0.4184494971754581
8.129761954770762,4.0,6.012837667006172
3.872743045251452,0.0,0.4395077804475518
1.938333967631062,0.0,0.05226866756159654
3.270190501205704,0.0,0.06899000871045946
1.7420209474572501,0.0,0.7355207057935812
3.2763287612719756,0.0,0.744419253813326
1.0339076097670674,0.0,0.8891193557274428
1.1369462365071512,0.0,0.5867679078445912
13.574125314300806,3.0,6.882657818031449
1.6015741801010102,0.0,0.5183654633353206
1.4800748093895821,0.0,0.48301411284395046
2.0032035369662458,0.0,0.14954931855694453
1.2357354914650622,0.0,0.8665956885955035
1.8941566259183293,0.0,0.649863921702575
1.2810243034842774,0.0,0.5250493402453846
2.7487781704127894,0.0,0.38306936972650674
3.168213256716414,0.0,0.6317748436527554
2.489383457065899,0.0,0.003830290500322575
2.10943976796153,0.0,0.5724077259677651
1.4143758794207417,0.0,0.6485341590333424
2.750106295291479,0.0,0.7561922341067805
2.350175918278676,0.0,0.0799824827967548
3.5154755015290746,0.0,0.04476838868848687
1.8304429233739175,0.0,0.8361186155450426
1.663716089338192,0.0,0.06154303413483686
8.961854237093412,3.0,4.219619563643097
2.6325959875111065,0.0,0.7536661379095813
1.110014280800629,0.0,0.050322932934663944
3.424361138693251,0.0,0.33478904189067915
2.802736016977258,0.0,0.012756479707430546
1.1294797358517283,0.0,0.16802005219267857
2.0322748535483264,0.0,0.23751612059406013
1.720436856334579,0.0,0.9447073816724817
1.2609602797342303,0.0,0.8670116069106004
3.653760664688841,0.0,0.31610488794089564
2.515620320729915,0.0,0.08291458139448116
3.9868933284966506,0.0,0.20728252254973556
2.37834030521796,0.0,0.22566458305205506
3.785891686346182,0.0,0.7049111327313361
3.9373148140454637,0.0,0.1727573182810873
2.442918669658371,0.0,0.25320116336997667
13.618115346949912,5.0,6.916134971317977
1.8794431907830398,0.0,0.02660836607768413
2.291607462739111,0.0,0.8992503069815647
2.175731688831727,0.0,0.6713680088967957
3.978894388357901,0.0,0.05739184368827355
2.1087225982803197,0.0,0.48064802831240894
3.4090776934979905,0.0,0.8436805296649776
2.5677297980102356,0.0,0.8329941385530004
2.257814983498066,0.0,0.6366929143579417
2.3950285525792827,0.0,0.9810294891150761
3.670423412188044,0.0,0.32694210025469495
1.9965730993468138,0.0,0.45002423952780257
3.038899547185431,0.0,0.09488423014757463
3.4084328044735015,0.0,0.5513173906628142
1.0711232609335553,0.0,0.927900629862027
1.9696087960622657,0.0,0.8836839676879897
3.3721694945168905,0.0,0.6628597876346657
2.921428126527532,0.0,0.19378913002335485
2.0263228625907823,0.0,0.5961826694023769
1.5264748821440721,0.0,0.5544891143211708
2.648588607685051,0.0,0.5516879678064617
2.5588350274090224,0.0,0.9419914468838717
2.3460808678675917,0.0,0.8939730574625047
2.495326596787172,0.0,0.8670601823789473
2.172717987716544,0.0,0.7171814470467577
1.8536241570308012,0.0,0.9308076723447618
1.468604523791798,0.0,0.5664436850866266
1.4689509121265827,0.0,0.23063864021426395
13.596674748126407,5.0,4.291873331702751
2.257298418751256,0.0,0.3076550873563365
3.013472420139066,0.0,0.4860575419026809
2.970340314172882,0.0,0.6191214000466962
1.5768670564260123,0.0,0.4499436742688596
2.87021787447832,0.0,0.2672098954860741
2.179585603083767,0.0,0.05343460239101716
1.5597101766581076,0.0,0.1485067816436808
1.9192463480531092,0.0,0.08812656950055775
2.9702681904236714,0.0,0.11530109033904934
2.582198866368029,0.0,0.4654869724396994
1.672880449855135,0.0,0.35751332842723693
2.5975121992479453,0.0,0.7202679239473956
12.127391872874451,5.0,5.300531713601058
2.7081320835468485,0.0,0.509113385187522
1.1879596103660637,0.0,0.1597494602339442
2.021161312763517,0.0,0.3799242909620145
1.2975342987616476,0.0,0.7563560547436343
8.43363025406811,2.0,5.8911733812063325
2.0713634779015084,0.0,0.9902225346150739
1.9416264901674114,0.0,0.13093125212677748
1.1843388703923625,0.0,0.8129284053939371
3.8793730612145505,0.0,0.6609738206496758
1.7301900496555915,0.0,0.39624734681640594
3.852590686751231,0.0,0.7913107143126669
1.0040608771464044,0.0,0.3734445911454355
3.725303655638126,0.0,0.08963177330461791
2.0784734536592655,0.0,0.559744661333675
3.5740698130216875,0.0,0.7120079611981627
3.7323104849317454,0.0,0.9559800588260723
1.3484168806015768,0.0,0.9916861403927356
8.626228748496974,4.0,4.133671978820238
1.4419091328369111,0.0,0.8369278328446237
3.9128207488138558,0.0,0.5043807042987668
12.416104210192016,3.0,4.232671034883699
1.5502135295603015,0.0,0.9921356394785827
3.2136907500873058,0.0,0.5180104313760979
3.1481499197264333,0.0,0.9014858511007491
1.034861619724302,0.0,0.45495687972773713
3.244219538288596,0.0,0.08661976085469403
3.475148230540186,0.0,0.3517098179588083
1.079100923491756,0.0,0.5126152441031999
3.6937575608729976,0.0,0.7035283401815304
2.777223353978553,0.0,0.4511300697978414
2.1165197657406916,0.0,0.4678594626341599
2.3268814163534057,0.0,0.9958023677799186
3.401760097327249,0.0,0.7003478888665695
3.59369082856801,0.0,0.22867075138460335
3.909463135235634,0.0,0.6374024812092216
1.847488197918557,0.0,0.9712199118854944
2.195989083316939,0.0,0.7228392039002123
3.5143458689443308,0.0,0.8421937308731146
2.461185756456808,0.0,0.1147419583381919
2.256843370562426,0.0,0.08579428489948948
3.849399739875772,0.0,0.4171642789757021
3.486212527455788,0.0,0.013228812905293985
3.2363184225529897,0.0,0.2476316430714387
1.2173406633836765,0.0,0.7534756054464806
2.320970255105047,0.0,0.39283907648140237
3.500932031425517,0.0,0.877489241731488
1.1970845768630973,0.0,0.6674155305338311
2.610923268680241,0.0,0.4226866196574257
1.6432194489794938,0.0,0.00845149606246054
3.686038267459508,0.0,0.7060581146380308
1.4180682222184724,0.0,0.23538326189835757
3.0490203202490704,0.0,0.4856342984133404
2.1879114179873644,0.0,0.07173534374742496
3.3471564521748203,0.0,0.15141044393608505
2.1896610459698898,0.0,0.3012312947939082
2.2600330128869883,0.0,0.945629677748997
1.907398952384409,0.0,0.7913527236523344
1.1258536702949087,0.0,0.9200381641090526
1.6615127903069413,0.0,0.4370337254497708
1.3147905352545246,0.0,0.2626954770019353
2.7566911863799057,0.0,0.644906323864917
2.955000476127655,0.0,0.14306195272340239
3.5803671915676136,0.0,0.853284798567202
1.015184751538656,0.0,0.18641980485397458
3.2806835796690597,0.0,0.8001375827520759
1.1204165772560994,0.0,0.7678609231258553
2.9506032771944604,0.0,0.34728847430569776
2.679267050915148,0.0,0.3216863687013094
1.3197790909239722,0.0,0.40097032668835175
3.306768346322923,0.0,0.8424641068355752
3.14215817013438,0.0,0.009200897625379456
1.3318952108656217,0.0,0.8343247957493986
2.4855307303338106,0.0,0.953402879382095
9.226900767174941,3.0,7.9256628873346555
2.868671427457001,0.0,0.33444252711810407
1.8858714821438298,0.0,0.9893495140420392
2.57317080798274,0.0,0.8212594203728455
2.937432437965618,0.0,0.5815888378497553
2.97283867690103,0.0,0.47510034069172047
2.922916232035996,0.0,0.8816353491754106
3.2604163319787904,0.0,0.4623614472477392
2.8201951741523095,0.0,0.5435955749112921
2.1144017878731303,0.0,0.8253084024229824
1.8148995438231088,0.0,0.15336482741574564
1.1257456501487726,0.0,0.02040161068820634
2.53717846219632,0.0,0.0056313127480537295
1.1127132711967223,0.0,0.5918079076633259
1.868318564858464,0.0,0.05778819701986415
2.3195669191415047,0.0,0.3307929914276556
1.9138413075201122,0.0,0.8759049249998946
2.2444585070129954,0.0,0.1661849996097492
2.176732135299197,0.0,0.2786943159285258
2.18539272283451,0.0,0.6900753541887977
2.6281733300427885,0.0,0.13341633552320709
1.5121250899374405,0.0,0.5383841868964332
8.216224264995125,3.0,6.874125272488984
3.7318171516432654,0.0,0.37995995225975254
1.5873734043678893,0.0,0.757776560375158
3.612907371238257,0.0,0.49298271045808906
2.501737952292494,0.0,0.40944793762730913
1.8197785809946279,0.0,0.8255348415204157
2.8688997506904483,0.0,0.9232860210139356
1.3595961020010483,0.0,0.8009387215414303
2.9905053073241676,0.0,0.6347441411040295
1.3033680283683706,0.0,0.9353944896677987
8.753966873477497,4.0,6.812126799896526
2.32632110403916,0.0,0.5047394753803517
2.428151206597299,0.0,0.14386796634332977
3.018899867183297,0.0,0.410023786741743
1.7211967386805207,0.0,0.1766823141763052
3.1441565005061083,0.0,0.35023661432707676
2.7936999364332555,0.0,0.8212501545597043
1.5565765471093633,0.0,0.8226574684804273
2.099085529881075,0.0,0.8188692705204715
3.0321793896666183,0.0,0.9614996792371473
2.398544773382671,0.0,0.6437706081012446
1.0903116166339568,0.0,0.689109081486824
2.6003832759289645,0.0,0.3228097934478503
3.888305050759618,0.0,0.5992775178235918
3.631601622439325,0.0,0.9873684723122
3.580419080048305,0.0,0.46738733544792543
2.1781922298142486,0.0,0.2788719262609649
2.7156168136815597,0.0,0.8570290283305779
2.162946416366941,0.0,0.0892221680572386
2.871995456586947,0.0,0.20113654259037728
2.465486897979716,0.0,0.589331644947728
3.8150213704631133,0.0,0.6872343434606829
2.451968104539241,0.0,0.4811256918168456
13.013424259787362,5.0,4.592535688065532
1.3329942963739445,0.0,0.4303164280423909
2.3245915041201313,0.0,0.8852388787075652
1.399629772409886,0.0,0.6094452973272788
3.6921571523911445,0.0,0.09993187705440965
3.001637011582543,0.0,0.7467433077981598
1.5436991984969803,0.0,0.31283419752422004
1.4199621301652887,0.0,0.6869524413854383
2.296230648832588,0.0,0.30166224163114885
2.8969174917807385,0.0,0.5539932555031309
1.0720151345346665,0.0,0.17219426742575428
2.8408123427123755,0.0,0.4927813458649557
3.3887243516241057,0.0,0.499618411998762
12.033577639595396,3.0,4.70817317811359
2.8019531996450677,0.0,0.4933415880523805
1.802206083572624,0.0,0.5159458785254234
8.200627913366587,5.0,6.41976325279102
3.374737131177546,0.0,0.4255056592718428
2.7348404229885217,0.0,0.16625533034970064
3.8507120614624073,0.0,0.9856007339528003
1.6212274276325656,0.0,0.32558113251901144
12.684396380172018,4.0,5.096544668767754
2.2756405134077005,0.0,0.957971066482454
2.6601135692493156,0.0,0.9502112058654302
1.8132887612921973,0.0,0.727579322134944
3.9510367757902407,0.0,0.9340329911306393
3.517541184940896,0.0,0.7754095145924946
3.4635948476506795,0.0,0.5739751750317419
1.555398786515859,0.0,0.24361479198219427
1.1188564760450714,0.0,0.099237664919681
1.5958948415856073,0.0,0.11238297492870941
3.1527932969745285,0.0,0.2862798621119409
2.9799521381025373,0.0,0.35164987234190537
2.3020629181262766,0.0,0.2957528346203294
2.378994611207984,0.0,0.7286151567927769
3.4655801778710686,0.0,0.363403931999427
2.6219053648303197,0.0,0.1857769546987078
3.4171435770046537,0.0,0.28686687498279395
2.7039228919482414,0.0,0.09569011605800115
3.166212814608211,0.0,0.756789222902397
12.903555613925137,3.0,6.636978148203488
2.750968335552616,0.0,0.7978046813410725
1.265154840953556,0.0,0.8673546391153578
3.1982004243584954,0.0,0.5355219160859636
2.9498917923332955,0.0,0.052826686364721986
3.8953560893081365,0.0,0.5270076245815337
2.10334939815776,0.0,0.8844787275967592
10.298608601543506,5.0,4.919845661604137
2.4128807573042006,0.0,0.76576332104754
2.2712147609462887,0.0,0.9334131270234548
3.3951410215550575,0.0,0.9451224487448869
1.3866096024203356,0.0,0.9265853832183811
1.5126627621701974,0.0,0.6768722758275765
9.17342388260914,2.0,7.5113304143032575
2.832942966552975,0.0,0.37619046876962214
1.4267481060615885,0.0,0.6579499112045923
1.9216492510638128,0.0,0.33692191307674557
2.909122844600123,0.0,0.2804632242046524
2.6654013602595654,0.0,0.8463180127808737
3.920466907532191,0.0,0.33850687942547286
2.704925810006415,0.0,0.8979552161850192
1.0573868993118611,0.0,0.9058493899993058
3.2873408760246052,0.0,0.4863721008251476
3.4978353199783934,0.0,0.5992935663104787
9.592218398722064,4.0,7.017129332140865
3.0770629184632425,0.0,0.3430440057930102
1.1685282320423171,0.0,0.0023474738674531537
3.866004059511785,0.0,0.18690729645011817
3.4192108516985185,0.0,0.012821649510605826
8.873772431152709,4.0,7.479623735561283
2.8201451391485675,0.0,0.6103760597816921
1.3097950266251452,0.0,0.3736502963729842
3.8865176454236257,0.0,0.3937551415654067
3.8653456218751043,0.0,0.9137274940064593
2.717821698646067,0.0,0.45186904465227784
3.640470213764455,0.0,0.4466887217446649
1.7261658145345011,0.0,0.16169455327398685
1.2028376907766447,0.0,0.5405526753889242
3.017151529875111,0.0,0.5562363940257727
2.1128230244732955,0.0,0.5176298283979672
3.741365331619778,0.0,0.6410060573207013
13.60047992269733,5.0,7.3798015090904165
2.5177949629586753,0.0,0.4360482979725878
2.458001481392809,0.0,0.19127737103739706
1.2560490042359316,0.0,0.3552839742369226
1.7261350475875825,0.0,0.8747660625539935
2.432051194367204,0.0,0.27441263163568175
3.52434265925428,0.0,0.21535928285460848
11.82499281760498,3.0,7.340917163384059
1.2848958256851295,0.0,0.8291817799499177
3.67256660494944,0.0,0.1537493121029181
2.6640610743651014,0.0,0.08624917130396492
3.467267121004835,0.0,0.28266736054115904
1.3197947594013155,0.0,0.6558207673273928
3.4110162306973435,0.0,0.3559577734706405
1.9127267288786132,0.0,0.8575306077519237
2.064185670190638,0.0,0.49812967418398035
3.1523949718357365,0.0,0.2940033885949531
2.6237997360283307,0.0,0.8924690939520117
3.3675137158220148,0.0,0.3944793908388575
2.4645330259324423,0.0,0.4891965179806156
1.6714528444678693,0.0,0.007463140417219405
1.178574101043315,0.0,0.7651065916331309
1.3123257459537214,0.0,0.1882321997690456
2.0764914523705076,0.0,0.6929202292247886
3.9523309571094933,0.0,0.8559251895912978
1.725931390951136,0.0,0.7012933420883841
1.88077553279348,0.0,0.8579349139973288
1.2311748374029934,0.0,0.0727362617771965
1.7185305097286143,0.0,0.031068130244456316
3.5850727113620358,0.0,0.7620327210390511
2.290917684698388,0.0,0.9623380574812068
2.6611344560740333,0.0,0.5598905318457854
3.474229712041023,0.0,0.39477531677168287
3.316037428929971,0.0,0.4050010985875484
2.9906121160501318,0.0,0.5253182644507214
1.6170617865866652,0.0,0.5621108826232295
3.6312717430545667,0.0,0.4423937407481936
2.257548627706364,0.0,0.6044889822584595
3.651357654890277,0.0,0.8515814000172374
3.5259956586701846,0.0,0.9365702180708392
3.45092172181551,0.0,0.02198652203932361
2.298187408059114,0.0,0.686024223935891
2.5415633926203034,0.0,0.4144298124670366
1.5720631619909997,0.0,0.5976823355234591
2.3566538226694216,0.0,0.4391306608048505
2.552339055265124,0.0,0.5335544335535795
1.6799692066809642,0.0,0.03752865753180312
3.763922536638926,0.0,0.5904261031078913
2.716368891166619,0.0,0.023716360305790607
1.2267508415622008,0.0,0.2569522995084699
2.3366249162256727,0.0,0.6404832931422122
3.4790224328505603,0.0,0.7021643286483125
12.189292720966836,3.0,4.736164139285787
1.6795648781083172,0.0,0.6561460918474422
1.469311128013258,0.0,0.9205358851025547
3.260134555776825,0.0,0.06379455625359787
1.8749877361279097,0.0,0.08947312281038722
9.530021915006454,4.0,7.574594596361923
3.3460842630111576,0.0,0.44060311405917474
2.121763141038441,0.0,0.0257424097472162
1.806980213305293,0.0,0.8036934518773025
1.4193171298788685,0.0,0.32937926930207573
1.5545151938410748,0.0,0.7174035554052103
1.517571630839086,0.0,0.3881214567684971
1.187293981833341,0.0,0.830250192781385
3.5368130889697205,0.0,0.12248141685029723
2.202289182625978,0.0,0.42130088163336465
3.268761374267303,0.0,0.3403848376775491
3.1400487576536573,0.0,0.2243829797997955
2.4635029556320376,0.0,0.33774799673484723
1.009654790812836,0.0,0.807702369044057
3.97016155031279,0.0,0.7066041289942178
1.968869418823738,0.0,0.2767541319513086
2.931712760623392,0.0,0.07787898909129076
2.4506369401597743,0.0,0.8812506816818898
1.849853210477732,0.0,0.5650737914801053
1.8304833917051546,0.0,0.19598018470176193
3.2030970294766554,0.0,0.7102098483162649
2.3747586714745497,0.0,0.6007921493396191
3.106438288545488,0.0,0.116804107733952
2.522235816153427,0.0,0.9433101118741497
2.8169136679702342,0.0,0.09575419866335766
2.11517219920703,0.0,0.07417619559431221
1.4259159692829817,0.0,0.23097931052806364
1.3093716065077978,0.0,0.3096917111051891
3.3837348361005706,0.0,0.9469028994605169
1.7220115442714592,0.0,0.814208767054663
1.2134748555202983,0.0,0.9835972997387742
2.4887762586470847,0.0,0.985524133255218
1.7897420395540335,0.0,0.3881330810022493
2.2352966247535253,0.0,0.4263182939907013
1.503443786938086,0.0,0.10595591134404769
1.7413097020304393,0.0,0.9492811717559837
1.918940496334638,0.0,0.0704606776669583
1.950766015468833,0.0,0.34000438605989214
2.9023120941289937,0.0,0.3834811225750425
2.1236447301387438,0.0,0.23339626945812697
1.3641548182672867,0.0,0.8238963816246643
2.6161053938581427,0.0,0.9041136604795051
1.688794482261906,0.0,0.5983060756960188
2.991369058526767,0.0,0.32825508927733704
2.320596993866472,0.0,0.6618603122150055
1.0604135468478695,0.0,0.4950559456545849
1.1223254246642917,0.0,0.7598236584283884
2.16617904362964,0.0,0.48289443659859865
2.027935439567565,0.0,0.18936087579186278
10.337944533728692,3.0,7.786831660135553
1.3811815379556545,0.0,0.6233795659599071
3.858445051007518,0.0,0.9012592077965633
3.5565445009556202,0.0,0.010513224541653488
1.331295590233308,0.0,0.8218014592542003
1.3544944828649688,0.0,0.5592181317684581
2.3411666314192763,0.0,0.7632949119972816
1.6154189214460215,0.0,0.03979712733565255
3.082451720529493,0.0,0.6980705464034016
2.8787029642631916,0.0,0.40663652688497043
3.252613203374492,0.0,0.6235053112473372
2.8682602097195233,0.0,0.17619440616424753
11.376132534744377,2.0,4.021356567878755
10.372934457101422,2.0,6.91842659694137
1.8359393927098342,0.0,0.9108262646863152
1.4400853420455446,0.0,0.05006452709329434
2.999801437139858,0.0,0.11338709555257254
1.8321435489433981,0.0,0.5019454051318417
3.3129015398636827,0.0,0.17909493932818155
2.9708654688014184,0.0,0.9945642566845248
3.8292275132341227,0.0,0.7489990174049569
1.461699714081321,0.0,0.17357214415143973
1.9701146863465624,0.0,0.5182057321825209
1.2305862258284905,0.0,0.7892906546771047
1.5201207858842645,0.0,0.19225791846809193
2.7096690546139497,0.0,0.775877254469693
2.8584710380288434,0.0,0.16678733518367417
2.216268475417465,0.0,0.030496547852754463
2.1236203565420873,0.0,0.3412444497577206
1.620453679400189,0.0,0.5415062821224879
1.7208973703511004,0.0,0.5140806956192732
3.6903652297180356,0.0,0.9607463027713554
11.805458545865257,5.0,7.632758382786012
1.295186949140192,0.0,0.9551751604781324
2.625114437230012,0.0,0.4864050355361782
3.7228330076696645,0.0,0.3650475666926015
1.7514036963774968,0.0,0.12818807281046174
1.0952312961189659,0.0,0.6291175786342668
3.429025108797668,0.0,0.36999888595997743
1.9093850678359858,0.0,0.8824411913475817
3.7235155416506025,0.0,0.38885149647411643
3.2268141767568603,0.0,0.36717381443129216
2.3471163037903775,0.0,0.14986279888655163
2.7327800976434724,0.0,0.4162849285443547
3.77914782019026,0.0,0.07924960612992882
12.293813303346575,3.0,5.768616455146331
9.495772100027668,3.0,7.571183758359544
1.502071096710343,0.0,0.25508722242139814
3.441170031166682,0.0,0.0388736970166893
3.005717940168742,0.0,0.5924829939015964
1.194560783448905,0.0,0.5275796224253504
9.290511372710558,2.0,4.645667950750296
1.8465612240796005,0.0,0.40789423678019043
3.2356442280725037,0.0,0.7524024537194672
3.6339229613352084,0.0,0.4652775312759233
1.0638082325511613,0.0,0.16372895787917097
2.8943763777490616,0.0,0.378196349528219
3.485666793718244,0.0,0.3593389905157872
3.713079324981572,0.0,0.8103032991233325
2.0318730596730568,0.0,0.15676294759929466
12.127777040712253,3.0,4.082043677281565
1.3075291839720378,0.0,0.3893897796668735
3.2778775207554207,0.0,0.4224457900308791
3.781533458438358,0.0,0.45961475173292643
2.0061148186523874,0.0,0.2709632078712195
2.699815776716389,0.0,0.7813562183952003
1.1347338969868477,0.0,0.7306790115283902
12.800326447708228,3.0,4.227362282849554
1.5942928982792204,0.0,0.3550152661362467
3.8155893504193914,0.0,0.009241588405514367
3.427070920875029,0.0,0.6932095422188678
2.4775530814565916,0.0,0.8390996987996115
2.1793117226782033,0.0,0.012069935300617951
3.941106222826555,0.0,0.9242184348426601
2.306749944438799,0.0,0.39023854958399506
2.111416308374146,0.0,0.43180709510777726
2.005624142112618,0.0,0.22971628368323171
1.8060320781548382,0.0,0.579792843832955
2.1393573405376896,0.0,0.7201113335149457
12.46101521467445,2.0,6.542373928032749
2.111926441200673,0.0,0.9294034838491538
2.4778753128725777,0.0,0.3772017824576387
2.426427145698201,0.0,0.5598931015359494
3.088468435413776,0.0,0.19854285886820167
1.4164815179482304,0.0,0.8106835703375919
3.9900905615589304,0.0,0.11706441298186265
1.2543760481374098,0.0,0.0861161105063738
2.11650107151254,0.0,0.4539588330478598
1.3454385351856035,0.0,0.286660581287023
1.7797149377284986,0.0,0.12508890983640353
1.6613380127362567,0.0,0.4092495737853973
3.989001748170226,0.0,0.258226813259983
1.6853642239938962,0.0,0.3773484772303116
1.6900265118631093,0.0,0.5960435954776472
1.8595586467813687,0.0,0.9214577362165304
3.353216419638392,0.0,0.5764055514536334
2.2791950704048674,0.0,0.4702962226915748
1.7728216610011656,0.0,0.3356092442409013
2.4785937533423397,0.0,0.2796014326451318
1.6440876623900662,0.0,0.5858521224331683
3.07568559307808,0.0,0.20406438854660058
3.33875342070026,0.0,0.32001611308739175
2.6362956082207165,0.0,0.3164687840614986
3.854334476989276,0.0,0.821577691760838
2.0027149560881825,0.0,0.21778080176756853
3.2735383313931075,0.0,0.10616035354746722
2.7264225336276366,0.0,0.9662742977481859
3.166757705179199,0.0,0.08144721289115919
1.841802439713748,0.0,0.7208932190520977
1.1559680559331225,0.0,0.7927034057807514
2.5742692948967134,0.0,0.0973668937912211
2.664195409847063,0.0,0.4017936703333638
1.8743827404813818,0.0,0.5950463449237612
13.662733335247747,3.0,4.936112701227499
1.8994015826957078,0.0,0.38353451243397696
3.4440130141299674,0.0,0.4181315997936227
3.1793851453390145,0.0,0.08540248429087383
2.22685883324281,0.0,0.47476900604365124
2.0664790313240724,0.0,0.06325340889867959
3.2464790108899195,0.0,0.48306624519330266
3.9777453864632903,0.0,0.6588554042268422
3.277015847565793,0.0,0.9359941790017777
2.969893221123628,0.0,0.6680194525125599
3.61912944104561,0.0,0.4883349130043346
1.1367554738460064,0.0,0.5114675400426174
3.8900809613381138,0.0,0.32997489529027646
1.0271154072378765,0.0,0.8206415603544788
1.316450282383107,0.0,0.26459711188102997
11.539006366638533,4.0,4.032892525555566
2.8585786001089097,0.0,0.28815213577740306
2.2057927408277265,0.0,0.9813833342412801
2.7307116538790774,0.0,0.663310709504002
2.9702099936238766,0.0,0.01802900895891224
2.233574553983758,0.0,0.9627848079807322
3.5146912632454015,0.0,0.6194450738181533
1.6614629182442477,0.0,0.1447106361365199
2.256909321338573,0.0,0.6836995457246208
1.5092737152626223,0.0,0.10840037271662273
3.5650906048598054,0.0,0.6032221356579637
3.781002903772886,0.0,0.5649526076524732
1.3804720676512563,0.0,0.9969905028125511
2.152979941479045,0.0,0.6373021565380239
1.9845384483928359,0.0,0.26857960433296657
3.029403811679087,0.0,0.6941316539762369
1.7794844138208985,0.0,0.8041092460611317
3.1868176003154716,0.0,0.07509364580531397
2.4396268609117264,0.0,0.6296835952592029
2.164509778619566,0.0,0.9700744566667069
1.5569401147037292,0.0,0.26066638256210173
2.126748857919832,0.0,0.5644165877797477
2.9914734245581753,0.0,0.12434531744241073
2.8056447689089663,0.0,0.9419055872604202
2.3777196327908743,0.0,0.795544391926648
3.5939767655744204,0.0,0.77132314321685
1.3292085960325104,0.0,0.8545154359107495
1.4512506733105845,0.0,0.3049031243850635
3.020297299974752,0.0,0.14562864670542341
3.0910724980128985,0.0,0.5174610093842912
3.326515890156998,0.0,0.2974926699926682
2.7633080825865948,0.0,0.4151071768549326
3.081046677344466,0.0,0.48387726456425906
3.3877791614305073,0.0,0.6183463070454575
3.963356560644662,0.0,0.24312453042266868
1.7804733728861535,0.0,0.28725769487706765
1.5068051892164935,0.0,0.7331603781367996
3.924071788145654,0.0,0.322978733363808
1.2315625906794039,0.0,0.407164298467125
1.6623088383662812,0.0,0.897532326522084
2.282459362270804,0.0,0.40354862081368836
1.3075478921994232,0.0,0.6781225015366464
1.5457843914858134,0.0,0.24317998026422594
1.5115723710618747,0.0,0.18712427041050173
1.1756959158536016,0.0,0.8332743050287577
3.258149918672924,0.0,0.6229540441833817
3.9735058784109296,0.0,0.6043044198214789
1.355008572770162,0.0,0.0985468514129424
3.2627447790462423,0.0,0.07356335421576565
2.317631803749152,0.0,0.15031062248396876
1.450507002451125,0.0,0.18849985279556114
3.181507209298924,0.0,0.5637371014453995
3.4826136867006228,0.0,0.603792757286118
3.768271571540183,0.0,0.5527038900455401
1.8474172791100112,0.0,0.20015421124936683
1.220092202378808,0.0,0.626244822763033
12.172125504391218,4.0,4.128438321928233
1.9634864579078606,0.0,0.693169360253846
3.2137521800620763,0.0,0.39408364851003186
3.321638967190469,0.0,0.25048294674976346
1.7404716076057067,0.0,0.540610994324729
1.879925832341694,0.0,0.25709608939511175
2.771913501983913,0.0,0.9375503374073385
3.296640251547583,0.0,0.14745300926617955
2.285373711546386,0.0,0.26503491814054747
2.087679389677284,0.0,0.38776432852974974
1.554563366576581,0.0,0.6349066591531628
1.4236706301194484,0.0,0.8300326836280747
3.857160257196174,0.0,0.8765981188350187
1.4561457022734754,0.0,0.17067743530223367
1.332161779978947,0.0,0.4737732925144229
2.62793390412273,0.0,0.9698188646337847
3.9720374711972974,0.0,0.15294318647542615
2.5977682976547576,0.0,0.2897279837382146
3.1947685652659956,0.0,0.3340455484199596
1.3161796543234157,0.0,0.1212648933591367
2.858169908099506,0.0,0.7166319367020314
1.0303935520832301,0.0,0.88974899029538
2.5500951556788034,0.0,0.32053616680649555
2.606661444639018,0.0,0.12188921208035897
1.5882931382151788,0.0,0.6636247207672996
1.244796160014515,0.0,0.6571976616400622
1.0654701903264685,0.0,0.8812975456140917
1.3044146285980962,0.0,0.3569824294686639
2.3569548535549005,0.0,0.23833721062799695
3.2686408418505306,0.0,0.3783475816826469
1.100597304207338,0.0,0.10621382758845621
3.216169452179699,0.0,0.19371705077629786
2.1415531296096835,0.0,0.5540583834602107
2.284552444951943,0.0,0.11938101133819679
12.433952378937462,2.0,4.438512777613759
3.927336455646798,0.0,0.7152368534826331
2.7205868543667195,0.0,0.2652850890860524
1.8431492505006675,0.0,0.30926811149969535
1.902634929450309,0.0,0.24080381607317325
1.9753120462950968,0.0,0.41194654861226365
3.1034187832524207,0.0,0.15828625605909807
3.9145980727031517,0.0,0.26496706155544303
3.052699079536471,0.0,0.49295697165586005
3.7928460865209335,0.0,0.9478565672536607
10.274965183879662,3.0,6.996868660363592
1.173528029690189,0.0,0.1625110652974563
3.283083707506084,0.0,0.6144994602551925
3.632410139963446,0.0,0.9731447114269086
1.0934472783801732,0.0,0.9709047114498695
3.639257206883031,0.0,0.7083240490779703
2.8073483258997634,0.0,0.5894708030932468
3.203331796226774,0.0,0.7482388061809001
2.80155058130096,0.0,0.2948172383467669
2.0390379830978835,0.0,0.6501871664456533
8.469646884379255,4.0,5.565918921336063
2.534027196582813,0.0,0.93016520286255
2.936807731175235,0.0,0.8096742580880733
1.4843735021927202,0.0,0.47594221754772414
8.235518318426,5.0,6.250846173368812
3.3963497073209963,0.0,0.8159557894152066
2.6466184046277994,0.0,0.8724628150836742
1.6290708322906027,0.0,0.20802456273324887
1.4550246391982535,0.0,0.13328425808217315
3.7327815534815274,0.0,0.06875390642248747
1.075580241877688,0.0,0.13972056697895407
1.9761990944778032,0.0,0.9672711903702976
3.8327994673403016,0.0,0.028121506277923758
1.502473267282323,0.0,0.5206553537341115
3.754229656597452,0.0,0.35982490063656647
3.8250759599740918,0.0,0.6640741211998341
12.746024444392443,5.0,5.967162530494672
1.019137130219772,0.0,0.03561215027284148
1.4850143087108858,0.0,0.5078974160033809
2.2484619945392845,0.0,0.9660214591302085
3.873837579778413,0.0,0.7161645381776112
1.7631747425255409,0.0,0.6667088553964567
2.103278052631869,0.0,0.42437202605363467
3.178274001167985,0.0,0.43624602635715737
1.2436889044200181,0.0,0.3088608992364632
1.1534506168611929,0.0,0.6574443271774648
2.2021125005034,0.0,0.5795363691499811
1.488372967618688,0.0,0.6536564764056204
3.241234801387087,0.0,0.5115361942347918
2.4354732103215673,0.0,0.32268370707782024
1.1100496086717937,0.0,0.8099787436834724
1.5978110094004023,0.0,0.3163754073876829
1.2930163420191516,0.0,0.9052989990105155
3.553410014550571,0.0,0.8545473932021803
1.4028245527068266,0.0,0.609467763366622
2.66973528550646,0.0,0.09966392207677588
1.8289573253975608,0.0,0.48921624868809066
1.2813295787710495,0.0,0.2579395067869006
2.2547291088718566,0.0,0.8264646094921829
2.2253667442254477,0.0,0.327566293922126
1.9159320300901939,0.0,0.32056322436092455
1.8800602643230295,0.0,0.9170985051717943
2.5643470725006403,0.0,0.3166024348274129
13.632499329678996,3.0,5.884441419991015
3.030463896572187,0.0,0.5703125078265039
2.490890448717491,0.0,0.39605447743546673
13.694416361872527,4.0,7.669395606026995
1.6728079283816792,0.0,0.7486087085818324
2.7914659179709056,0.0,0.052045838756131446
3.585356863040552,0.0,0.5505706345413642
1.350694122125092,0.0,0.5187478471147094
1.7012223761102327,0.0,0.011644899503096218
3.7524575293959708,0.0,0.5568183602783076
2.780982373625615,0.0,0.23663313147000886
3.6181907514538056,0.0,0.9615437228811096
3.4678429555410353,0.0,0.27752280490239256
3.2428281405287533,0.0,0.5682686162687683
3.7240556362649873,0.0,0.25683157456705863
3.0728132143073976,0.0,0.46503633422090995
1.626648172015491,0.0,0.06560076494502953
3.2125250783770207,0.0,0.5218308753051893
2.934497812066941,0.0,0.19623428168785562
2.7313677581149625,0.0,0.11755724912093657
1.2452770958466157,0.0,0.6949701331214758
2.5157571173435715,0.0,0.9088264977168623
1.0299363299753481,0.0,0.8418087090288189
1.144636116581668,0.0,0.8031705116327311
2.881986805272034,0.0,0.42343880489979246
2.7869162218235326,0.0,0.24165892081918516
2.725181720376444,0.0,0.6740013710698536
2.123658661060364,0.0,0.9457764972463472
1.8357710170958759,0.0,0.9954215129254561
1.502857648864953,0.0,0.5402172667786186
3.927556238387604,0.0,0.6583074395060619
2.593882055052796,0.0,0.4250024141231975
2.678946050460742,0.0,0.788913962965867
3.904197436152277,0.0,0.4509865026483437
3.090211496092452,0.0,0.5147421937567799
1.8169219795581069,0.0,0.7589768318540306
1.0737607493764045,0.0,0.15966634936715074
2.2983144530254567,0.0,0.9531246125079651
1.5230992870149742,0.0,0.25706269218920874
2.9534427546450224,0.0,0.41607067040868617
1.5314605696678767,0.0,0.4643317447951528
3.8243944263295755,0.0,0.28520580268041407
2.8173244580706616,0.0,0.7364731746190728
3.0465750677652963,0.0,0.17132454445437495
2.3880268151961808,0.0,0.3385540274370513
3.345672738990669,0.0,0.4412011022129324
2.889461963304123,0.0,0.6065122253232189
2.022875714306675,0.0,0.6952296557477357
2.0352512365397013,0.0,0.17965928902991202
3.0032817748094587,0.0,0.3133676944572782
1.0628023534801998,0.0,0.011389668088552796
1.8124967537862227,0.0,0.34700233541219994
1.8202212157921187,0.0,0.3327294765103791
9.83266535929089,2.0,4.39892388937553
1.2103244189237707,0.0,0.16110002325642225
3.563155280108737,0.0,0.003918374951093262
3.1845662686108103,0.0,0.6771242634825639
1.2440463419256993,0.0,0.2755667763091785
1.5310314528302404,0.0,0.287511199383759
2.8226345557043153,0.0,0.0681866197654627
1.20827152823828,0.0,0.9207708496360754
1.3512010492828175,0.0,0.9132296862792705
1.9705912374564747,0.0,0.6981169240835235
1.4616877190195652,0.0,0.5866017374045605
8.19786166209556,3.0,4.4101381524505765
1.1078268213902263,0.0,0.37973740482164875
1.9457183039483525,0.0,0.6676017135832351
3.8698438632503738,0.0,0.6791716995379928
3.4629430518974225,0.0,0.4441130051754064
1.2935024819530043,0.0,0.11921044284057336
3.725351684000885,0.0,0.10431308735188216
2.7148380684096995,0.0,0.21096989061995042
1.073202344669614,0.0,0.9774381842040123
1.5611312456725701,0.0,0.8438128636583061
1.9793839247319758,0.0,0.6392018293899598
2.192783193888383,0.0,0.04986014639916425
2.564378916164416,0.0,0.6305886973085435
3.2259331885419575,0.0,0.008108196886213226
11.044364563069763,5.0,5.6393906924734
1.4531736753427007,0.0,0.20091133968552244
2.8680686228493926,0.0,0.8035417768264277
2.501078338646682,0.0,0.12703357597323173
2.7491246829090765,0.0,0.35248104694335114
3.642919016918972,0.0,0.02442688294063322
1.6663234314121906,0.0,0.46904074751815394
3.73986084272871,0.0,0.2013991027938874
1.0033362825885623,0.0,0.21430007232287862
3.339462652030204,0.0,0.9433572987098816
2.6836683648475748,0.0,0.3035039091479522
1.9165729319740707,0.0,0.3145876334140665
2.3493539464639674,0.0,0.9505035615891348
3.0186150057942394,0.0,0.6537779229561563
1.7124356702567725,0.0,0.5718287711826909
1.3123289481524991,0.0,0.8245170697999292
3.400010445291044,0.0,0.16393172095320274
3.883571691471743,0.0,0.45564954943987745
1.9508397633733578,0.0,0.24124433603802786
3.8098170768848845,0.0,0.48895092643845206
2.141201646911229,0.0,0.020121721853074037
3.834208776349239,0.0,0.09505653683256443
3.619968747582423,0.0,0.13839758596812457
2.5497178853379374,0.0,0.15061095306851913
2.1815932169624754,0.0,0.49651542223060485
2.691678763166207,0.0,0.6899643571263624
3.198097151770841,0.0,0.2825408636624436
11.871666531941377,4.0,7.573836216668464
3.6897239754070306,0.0,0.28013411877537975
3.4199951590804494,0.0,0.18125025555155194
2.9364168877215033,0.0,0.7312505893473751
10.705421918558889,3.0,6.62318511959888
3.4906595937009746,0.0,0.3267388905686336
2.0804092224145574,0.0,0.873361117841438
12.960365890377693,5.0,7.292905436985998
3.28690787350288,0.0,0.4863916280888938
3.1484520226695807,0.0,0.7621875111940821
3.185968852709808,0.0,0.0760999889807743
1.9377940747249003,0.0,0.9423009379012067
2.4747836402243104,0.0,0.072898451871655
3.2983477983867586,0.0,0.07799386640940908
3.648981474489319,0.0,0.4134657667101601
2.046461601908438,0.0,0.12903640888942491
3.0498861298195155,0.0,0.30891772284376606
2.301554947713919,0.0,0.11797248362806156
3.93506436117057,0.0,0.4979763025873932
3.428083466435541,0.0,0.6669274474586807
3.9599187355035266,0.0,0.7008084180017403
2.1885180748277664,0.0,0.6442130159896179
1.7498708391928637,0.0,0.33720203516895275
1.187578887228537,0.0,0.9401798347292414
2.506585030993728,0.0,0.662232158329593
2.374560660213678,0.0,0.9334551052498522
2.5764109220676796,0.0,0.1339748667497812
1.9755499660802411,0.0,0.08744650179988545
1.5595555311995626,0.0,0.37208225496289593
1.2940230543422233,0.0,0.481273951827605
2.088948521211615,0.0,0.9243543461938004
2.6465759952320678,0.0,0.6138459450077243
2.4214294851938396,0.0,0.1382455656340571
1.660549605849434,0.0,0.9956451766743493
2.442670439809027,0.0,0.671779270254866
1.8874722924896081,0.0,0.3735662860390806
2.235874285102306,0.0,0.45532874980860216
2.2395175516231585,0.0,0.9583276864813868
1.7490040265775577,0.0,0.43776505498812845
1.8715135170142612,0.0,0.9463786533583709
1.7939050807760721,0.0,0.11793867487423348
2.0047168439712584,0.0,0.49200172943208276
13.896129437547954,3.0,7.2632834041011805
2.3565970848503057,0.0,0.055926350128225666
13.669684524929027,5.0,7.939486264454408
3.3385501042721906,0.0,0.6866504233540373
3.186334163351942,0.0,0.7248708535798805
2.1067409187093173,0.0,0.7940144502659627
1.9351332282682328,0.0,0.16428684327240928
2.069788527958617,0.0,0.7554372725155811
3.0360098700176943,0.0,0.8355717050906487
3.293117986665208,0.0,0.3235246137370379
1.4694301480108019,0.0,0.9760783324725189
2.9692288105019706,0.0,0.5428413743340746
1.1832338795645914,0.0,0.6113416562477262
2.6242228220427557,0.0,0.5019355807808606
3.080266384168927,0.0,0.3892663968090483
1.9906451946144927,0.0,0.7097850502239725
2.0548680617189032,0.0,0.06562608817781757
3.614610418457129,0.0,0.34157038703156795
2.118065551036942,0.0,0.4480854872830765
2.0744881540985216,0.0,0.13443342736955
2.8377204050344575,0.0,0.959024175972966
1.4114454644582295,0.0,0.25903514410334716
1.6547616635951925,0.0,0.3615401877629566
1.5423554516871385,0.0,0.07978912363400037
2.3630362692029654,0.0,0.8849267468449666
3.51112337572882,0.0,0.03955750656261314
1.139351238159993,0.0,0.23356736106861098
2.854764314590888,0.0,0.48417303216340746
2.3044820158112387,0.0,0.2661013685373086
1.2506630125320692,0.0,0.1616376937845918
2.0871816973498993,0.0,0.4690249397178835
3.929683069968713,0.0,0.3377107747242245
3.1242177333881367,0.0,0.9888405413036631
2.79568897965328,0.0,0.792003126130196
3.194489471021087,0.0,0.3582190412430728
3.4114146714504257,0.0,0.7882752081708296
1.4972493394604678,0.0,0.5476161006537471
3.088089390024919,0.0,0.8475476330547363
1.9601488030918353,0.0,0.676398368910006
2.5080370696865844,0.0,0.29797723549584376
3.362115874447819,0.0,0.8452255581607399
2.786099110470618,0.0,0.18892981376495233
3.486746422452032,0.0,0.23503129881191864
1.1868753943901882,0.0,0.9246586095822468
2.6485866469712067,0.0,0.8166552432016235
1.2612783003873145,0.0,0.8026562441522198
3.5406616732868583,0.0,0.3422655927897462
1.8410042576542374,0.0,0.3379699792404788
1.8158381182553462,0.0,0.30521453012885913
2.081280481424458,0.0,0.48094160808430353
2.7907320716399684,0.0,0.8583733797610624
3.420504217801792,0.0,0.9325667087059609
3.283113370752349,0.0,0.9758708627835366
1.3574220159881445,0.0,0.6237533843692328
2.0503757775001903,0.0,0.5060446924118366
3.635546683904044,0.0,0.19038178629703473
1.8065605431465805,0.0,0.4906135758981991
1.9959145142075365,0.0,0.019043409274291823
3.8379126695367978,0.0,0.7339203702877005
3.665211016926044,0.0,0.5014414736979107
3.450338399516908,0.0,0.8828364906780791
2.8355586841671383,0.0,0.006982261880348117
3.2563429980909246,0.0,0.4870160405162395
3.637354922686494,0.0,0.43206728506661773
1.6561294009707497,0.0,0.19731397057605993
10.318660105584904,5.0,4.8685616161506875
2.242389257586781,0.0,0.7146960890066222
2.381074813605779,0.0,0.13650301208358218
2.8738421443435946,0.0,0.7305146540263266
1.820921253582315,0.0,0.1786288767542995
1.2431386477229438,0.0,0.35874251054288864
3.08408941256328,0.0,0.5694972585185759
1.5838715101146157,0.0,0.7661571015827779
1.7400365935648692,0.0,0.5873698685755769
2.6121868088137687,0.0,0.6473421343730912
1.3559312972247408,0.0,0.7627990528758054
1.7116803752079834,0.0,0.051657357114641034
2.0196248913041983,0.0,0.2696300087671828
2.085759972513595,0.0,0.04366092871300853
3.8478193187368506,0.0,0.8465543224654029
3.2981943296059075,0.0,0.7663040711189001
1.8660812103120996,0.0,0.676820043630047
1.7360473290439629,0.0,0.4528833604155117
2.6427771284612085,0.0,0.4919280240391293
3.6780151332309243,0.0,0.12985701341788103
3.856665357092784,0.0,0.3062392452284004
2.777050985780087,0.0,0.9437663822120144
2.0867063249568654,0.0,0.4377814772996199
2.3359157650079965,0.0,0.5097260752881797
2.559321845668053,0.0,0.875933022186205
2.97447947289272,0.0,0.014998500377136681
1.3085277764724301,0.0,0.7093142948034834
3.7793913938685546,0.0,0.7440494512285778
1.1518674168072223,0.0,0.06779639582811259
2.9393762249137914,0.0,0.8366202103676581
3.636936700846802,0.0,0.3506426914571469
2.3636231943033197,0.0,0.70109758736427
1.3206307692842314,0.0,0.38943468007767323
3.7436459915456766,0.0,0.7902599039416938
1.923387495042237,0.0,0.3635144573692667
3.431659992345499,0.0,0.4694068419892581
2.20566159967219,0.0,0.5251408517696297
1.8041909224686288,0.0,0.1056503454489307
1.205376158000734,0.0,0.400155272865399
3.5870911262402356,0.0,0.054966306839822066
1.1744913865164275,0.0,0.8114659391516817
3.1990003216678695,0.0,0.42640605649197283
1.1538815469436468,0.0,0.05393258284087121
3.5985284373248057,0.0,0.7780463064831992
1.7032768000345442,0.0,0.41621703103231444
2.6140681160917087,0.0,0.6962214361212724
3.1719191663982813,0.0,0.26167136663750645
3.1611519957593375,0.0,0.5084059766446271
1.8056865023609276,0.0,0.06964586774826564
2.294978638689038,0.0,0.3480519554773205
3.762525647852117,0.0,0.27913047077426967
12.882974789557059,3.0,6.4133022625783935
3.3458799314738776,0.0,0.8332712820358479
2.391945094500662,0.0,0.8875630718161913
2.847956350780537,0.0,0.8985969105689701
3.4825189596196635,0.0,0.9966832779346797
3.4196834435843493,0.0,0.9101961241446964
3.821375753058743,0.0,0.9754103676847451
1.5212847794072313,0.0,0.19957161589593875
1.8764339456056545,0.0,0.2347544217249713
3.3995657678419455,0.0,0.3141620638369721
2.21597608194086,0.0,0.6511977120953464
3.9120296362292324,0.0,0.21932040121138208
2.861421355155912,0.0,0.31378214330572873
2.149646097841755,0.0,0.2258814129335759
1.283328882267785,0.0,0.056224294850972245
1.027162484741113,0.0,0.2313487132001505
2.34921952735162,0.0,0.8368634222265923
1.0996093263740998,0.0,0.12680179912676004
2.2823995845000673,0.0,0.05829720386235704
3.8733694029646117,0.0,0.49632277128437885
3.682297611037403,0.0,0.6451500833009034
1.2536961342917134,0.0,0.7101732665901607
1.4988501062682382,0.0,0.6565627023996523
3.0652071892832082,0.0,0.6287340150599929
1.3951863203636856,0.0,0.5016991660064248
1.4391219764867473,0.0,0.03248659669016496
3.1231640508025826,0.0,0.6066893231978858
1.965009968978646,0.0,0.008354704172138572
2.7870394724845884,0.0,0.5167360449400644
1.7215947555404463,0.0,0.26324617483054435
2.7724997817070323,0.0,0.9226037570939578
3.8992521575992223,0.0,0.13551687356075404
2.253000987450984,0.0,0.4183630384287931
3.4497983184147314,0.0,0.6623179135395824
1.6104182274927874,0.0,0.9730453495141611
1.4867002173474382,0.0,0.767233394159223
3.2122782573120316,0.0,0.7978023722086077
2.222752625721451,0.0,0.8124136576239005
1.0947584344769261,0.0,0.51351786674177
1.947319453748488,0.0,0.6965071834768891
2.9488986971416438,0.0,0.9571348325397961
2.407321633142736,0.0,0.10796244811083555
3.8383463864008984,0.0,0.19249315063582706
1.9285828488589831,0.0,0.6971662542903504
1.1544362537499682,0.0,0.08975950056015713
3.8184968246925672,0.0,0.9094295036858765
3.5755193636546636,0.0,0.23540724884152664
9.878152128209488,3.0,7.100763077175623
1.2540650256259205,0.0,0.06986192068466168
1.6780869934479992,0.0,0.06801023195242051
3.7211258812450656,0.0,0.0930303747408957
2.897173972985162,0.0,0.5858630505279215
1.0628348830927385,0.0,0.5769361233448397
1.683805487625825,0.0,0.2998975929945362
1.97402778067018,0.0,0.23290183864948166
11.724995796645157,2.0,4.215593161575155
2.3449571661082667,0.0,0.6699534908592181
3.6254008558634565,0.0,0.3927351142242276
2.9374671588594525,0.0,0.4430399766351608
1.0191576151505006,0.0,0.2854040684634225
1.195613773781476,0.0,0.08900973489600883
1.4680559213273097,0.0,0.8614456860213242
3.356954854240696,0.0,0.9032736222389142
3.1811702848461705,0.0,0.22325540106936093
2.1405868563575714,0.0,0.40032986841075824
2.3739872770107144,0.0,0.5127498997939296
2.4238926272494417,0.0,0.03247077169174828
3.812164199491357,0.0,0.7284939338474402
11.19192990962469,3.0,5.214883814364755
3.739124400669568,0.0,0.5411880558570243
1.5503265892103035,0.0,0.6422096370026974
10.901558288625974,5.0,4.056318653131562
2.871577974029719,0.0,0.647720054420612
2.9107069523642295,0.0,0.6178131945892864
2.557245355408654,0.0,0.46380982467437626
1.5538973720421076,0.0,0.00041028943917487126
2.712632250518429,0.0,0.04927365358277147
3.188034382263989,0.0,0.7778777055368772
3.6226675740555274,0.0,0.52023048910309
2.8232580492869577,0.0,0.21100669170752606
3.749905707523622,0.0,0.6713044235642798
2.6476799941183615,0.0,0.5528148757183491
2.1940158788635085,0.0,0.3982502348634128
1.544841903269808,0.0,0.5278121082956208
1.2983241782780355,0.0,0.0174982139873886
2.2640710068312107,0.0,0.07006869572118946
3.8031010443070445,0.0,0.11250313052663174
3.3495952398958777,0.0,0.038363861355701134
3.870161301668049,0.0,0.8554081621042879
3.136411137641815,0.0,0.7805218027570218
1.4908714635750075,0.0,0.40646271795207223
2.137121456149105,0.0,0.41275832027739345
1.0114597679757493,0.0,0.4538465638069116
2.2868330002904327,0.0,0.22842585230842016
2.6400870462163906,0.0,0.45232347763429603
3.879588408140366,0.0,0.45326177252585964
12.307622141735417,5.0,6.690854446001745
3.3550496315111706,0.0,0.2117981498815027
2.1197553748880202,0.0,0.0948491932531561
1.3377411712358112,0.0,0.47081641936589813
2.5018728042112537,0.0,0.03121356033874756
1.3641592544782193,0.0,0.005864727887161303
1.4901002751952606,0.0,0.9377645593182242
3.549877991509616,0.0,0.27454458474044463
2.6736210269802196,0.0,0.5522222801738466
1.0431804658892676,0.0,0.8374725196187746
2.7627576133282057,0.0,0.8765604907887176
3.005929659773293,0.0,0.06409471103617548
2.0646930504596623,0.0,0.9503797514820932
3.3257321555048476,0.0,0.6540230776587604
1.2287176539206934,0.0,0.3693826475825851
1.9735354005260262,0.0,0.7311029830035621
2.375555686561046,0.0,0.7480347393415887
1.2569747487892915,0.0,0.5962585752327021
1.5718294992233495,0.0,0.7333279087168623
3.8969169258004013,0.0,0.21126291693819643
2.3283944096312124,0.0,0.2949311358038643
3.691330779857731,0.0,0.7416272874518889
2.413503696798444,0.0,0.49173794301898943
3.359035043246656,0.0,0.9962244930446387
3.852318123194014,0.0,0.2862590353831832
9.729271810688637,5.0,7.744585341728452
1.925404844468452,0.0,0.20353552248180484
3.0404223152809013,0.0,0.37582121900794097
9.631164360355495,4.0,5.487979039156647
1.0672776674861653,0.0,0.4206302368788194
2.016581948016255,0.0,0.487082544323578
3.553620742146306,0.0,0.5658517874106719
1.054665476954649,0.0,0.9246417911286366
2.7853950247170447,0.0,0.07514295317758657
3.398247636906938,0.0,0.8909738846907038
3.904580283744165,0.0,0.6659471660804642
1.2696305552084821,0.0,0.6156243966831266
3.724797657899961,0.0,0.006047043183978418
3.250797291816527,0.0,0.5149275088606721
2.4305166331993733,0.0,0.8591303597512333
1.0497774418977937,0.0,0.6057594893589721
1.3656582800108428,0.0,0.5688127364338729
1.1168140500629968,0.0,0.29845066114776053
3.8621530817761673,0.0,0.281825003295472
2.2226290930972925,0.0,0.487467835463974
3.9599877798014393,0.0,0.12890258507349894
3.413483927295467,0.0,0.4491234139302508
2.340143581775561,0.0,0.9277914793753155
1.2053513576980504,0.0,0.6553831994634532
1.1363391410243735,0.0,0.6917201141346888
1.4547852244002981,0.0,0.1647177469429809
2.4063038963935175,0.0,0.43604697411857907
3.7673028509683735,0.0,0.6761417886014571
3.293060159309282,0.0,0.8160335023020684
3.343965567241915,0.0,0.07833821776200667
3.4674416909030827,0.0,0.5151922261382137
3.418603839379184,0.0,0.7721520276158381
3.930400985531978,0.0,0.752727137825976
1.8611143995247383,0.0,0.5858083942152443
1.8461037177139195,0.0,0.6032130620995043
12.694374851866755,5.0,4.114080099354593
2.4763488792386146,0.0,0.4395629417728987
3.447499374971853,0.0,0.4553949052479408
2.5628739318161267,0.0,0.750160832954601
2.737943399985814,0.0,0.4677582309575795
1.1380079260652582,0.0,0.19495827149863054
1.316204132189387,0.0,0.5981824455420024
3.5411824809516985,0.0,0.6141688503188927
3.868875644540084,0.0,0.8543459827827155
1.3731051970015307,0.0,0.2107066650749062
1.014819942803229,0.0,0.5615945077121942
3.670791351672749,0.0,0.3682501073951331
3.737090036850073,0.0,0.9764896611478872
2.607483053419244,0.0,0.8276102613491533
1.5986273527874353,0.0,0.7595201487169441
2.6462013680997583,0.0,0.5456959688130258
1.2368182088396666,0.0,0.5201807365667597
3.939910988076552,0.0,0.8817089696385847
2.327636544444237,0.0,0.04414556208745546
1.336116706504157,0.0,0.9833407684142266
2.9853331974149153,0.0,0.4515470228174244
1.6349076957095836,0.0,0.3350085699576958
3.0768296935535573,0.0,0.6306352949830805
2.635080756690815,0.0,0.036340748316242455
10.087811996931299,4.0,4.848111402008916
3.9685160001529676,0.0,0.1691039004206515
1.1984955665033215,0.0,0.6407102247272215
3.0371998134869123,0.0,0.7317760950376724
9.870665880830131,5.0,5.968466628343446
1.7553971767208583,0.0,0.6916434019733182
3.7246854661009685,0.0,0.9506063715798728
3.007067011987325,0.0,0.7996918620027912
3.9192344889169988,0.0,0.716325343476028
2.3876041483994435,0.0,0.5764889031398659
3.1489701641880465,0.0,0.5591366564629684
3.8223535615093236,0.0,0.043846852496629896
2.1133388152903834,0.0,0.15049549807258555
2.9743066541694763,0.0,0.3405759374211187
3.5567916231735444,0.0,0.8349567750521169
1.5245158817812376,0.0,0.2688615449790066
3.362647257576338,0.0,0.2094067139499336
1.0293125422575509,0.0,0.2336904488253636
3.632018060142943,0.0,0.44485243282754083
1.1810562519716914,0.0,0.23884516040360693
3.781331886575282,0.0,0.6805830929187673
1.1101640875024634,0.0,0.020341081882177647
3.281726927365847,0.0,0.7881597881357064
3.8832109524083656,0.0,0.9725682356497368
3.491868281295374,0.0,0.015643295307434135
3.9797650462688923,0.0,0.4174482838964625
3.604170070322351,0.0,0.05823783082027523
3.0280788641576426,0.0,0.566806105010466
3.534614043265687,0.0,0.9210694862995814
2.3312506579137136,0.0,0.9374811723991047
3.743235837774879,0.0,0.25232274426374524
3.5726870129838515,0.0,0.460868735269652
3.7982588171809395,0.0,0.2651232614457395
3.799339994030673,0.0,0.8179634943491536
3.1906651532717474,0.0,0.5543225980836554
3.1668007955669775,0.0,0.5727702766869458
2.976350100132152,0.0,0.38283339476843525
1.9351662033866446,0.0,0.9277457330754073
3.5383726315906947,0.0,0.8354861556432962
2.176280730713718,0.0,0.13032394670232816
1.118378598672698,0.0,0.7147023163822577
1.1697569684401468,0.0,0.33421533726011465
1.8571362588455822,0.0,0.4445735010694285
3.5194068569068517,0.0,0.7089000062515824
2.6662951168078823,0.0,0.8911400917935094
2.6172836582080263,0.0,0.5145711162678005
2.1429738210052,0.0,0.26997363685546205
3.889667618321834,0.0,0.05845798723687701
1.7431929685034724,0.0,0.42914949195832186
1.387478245454485,0.0,0.7204567414627562
11.204166382308307,2.0,7.498021180152309
2.297493634990396,0.0,0.9968492842814399
3.168442909625451,0.0,0.28557961623863637
3.2047775421846825,0.0,0.651679794878427
2.743714664267837,0.0,0.6202348489611205
2.1515166491349387,0.0,0.01835838399922396
3.8723440571142884,0.0,0.09455634477438823
3.7620742023358584,0.0,0.36014211413893804
1.2382581069669598,0.0,0.9800054631968169
3.6402372626843746,0.0,0.06489927953840946
1.807729692848143,0.0,0.5711991839629137
2.830323766108704,0.0,0.914886150121504
1.6067625415736049,0.0,0.19105186870868285
1.8258646403555805,0.0,0.1740104480161242
2.1774806692200546,0.0,0.13247065634192656
11.176614443247658,2.0,6.875627778419162
3.5941671287651595,0.0,0.3430267125900244
2.8993043718198037,0.0,0.36325535167581025
2.44456705453765,0.0,0.17238636210516622
3.5165615857122066,0.0,0.26440429792964537
1.7014384992791922,0.0,0.5734016258977038
1.1629961044687116,0.0,0.042200468581298445
2.188937876494662,0.0,0.4561272089466333
2.1985563537608046,0.0,0.9095554284372025
2.2563115746762192,0.0,0.9152899403792739
3.976474044469938,0.0,0.199156897597067
1.5435498371502483,0.0,0.8081570490242127
3.0219826244371912,0.0,0.07451046181864007
2.0679180359537845,0.0,0.07489584200198374
12.42336606349896,2.0,7.481601852423347
3.5174398242122575,0.0,0.6010826653932156
2.1055790311712834,0.0,0.01401451752605698
1.4346846162736693,0.0,0.12324745813255145
1.0975785384737557,0.0,0.765148849861264
3.8501859011524147,0.0,0.040333852138451975
3.498491130364813,0.0,0.7483752494281826
2.0376323822135722,0.0,0.7199595393694795
3.0026496978744115,0.0,0.7235345733310886
2.4600068242741084,0.0,0.12663712551837436
2.1175998212786524,0.0,0.33631272750495556
2.7708848275444233,0.0,0.18410132336095697
11.193861580279464,4.0,7.565130659311002
3.017555368231115,0.0,0.2035348738868964
1.933923097468011,0.0,0.826867847173362
2.740266504008364,0.0,0.4484078410159329
2.9529204014528627,0.0,0.3337042075756299
2.971091494702322,0.0,0.6800460563742698
3.554274873235287,0.0,0.4247941813314118
3.308478799575811,0.0,0.030353805533004263
2.3392585492047466,0.0,0.32450664916894734
1.8312077491401988,0.0,0.9224988963025031
8.641519186278929,2.0,4.41216677372393
1.8351054449879698,0.0,0.33555720169665715
3.8887806257127395,0.0,0.8680981598670628
1.0826101596083966,0.0,0.6993129211553037
2.105041641383054,0.0,0.7783719045454912
10.023426505015053,5.0,6.049714205506625
1.0004040790134558,0.0,0.16844055113191525
2.3453365659349594,0.0,0.9846544775908396
1.6739721929252998,0.0,0.9338587957857394
3.645071835530524,0.0,0.8634914504628183
1.570322949351183,0.0,0.7039366670345154
3.534349684350663,0.0,0.49896794422079305
1.2789719194693965,0.0,0.8587449685295802
1.032145893086077,0.0,0.22982604179253607
3.107394911632312,0.0,0.3560672991191448
1.6971529691681435,0.0,0.03929194515069245
3.2823551458506923,0.0,0.3523270542525393
3.511039985091016,0.0,0.5429404444893278
3.8920865414965413,0.0,0.24471559702370094
2.4227650629308606,0.0,0.47321318688439873
1.473864468506044,0.0,0.9084101072685695
3.6122603510117774,0.0,0.3733531610318317
3.8515931577586104,0.0,0.6038030788437534
1.9940566562089512,0.0,0.5876944695313122
2.509251852339509,0.0,0.9421854544896385
2.7123349140067354,0.0,0.526094013251542
3.905611995099677,0.0,0.10699126117462332
2.282804001110012,0.0,0.8031330889362459
9.134103696478983,2.0,6.868191754828419
2.9850017788875673,0.0,0.6466211336575554
3.3887308283691615,0.0,0.7039359073278308
1.0536218042002414,0.0,0.7318727372865008
2.841800754280185,0.0,0.888272196511506
1.6319865670169997,0.0,0.37625932933042194
9.083929412547022,2.0,6.282758646307392
2.151498855799132,0.0,0.8237444619122997
3.786578649536697,0.0,0.8762923485239374
3.127181558352749,0.0,0.8482031285528955
2.733421150753254,0.0,0.6681806619579052
2.2089405362954846,0.0,0.7668488978177731
1.6894801773928552,0.0,0.8111626038791322
3.996677836099872,0.0,0.10314676087836105
2.45022230791944,0.0,0.613170360743117
3.8972416294592422,0.0,0.5541697216110001
2.715237949431246,0.0,0.24720607373887682
1.6536776627649703,0.0,0.46180648156201864
1.0000349042660983,0.0,0.07324560410739012
3.244779071150975,0.0,0.17046251158164205
3.825177134856775,0.0,0.35672316930890635
3.840201186770187,0.0,0.9440947859303646
2.851199548353404,0.0,0.2469654124670625
1.5969764168783103,0.0,0.45550169521922024
1.7839990536561512,0.0,0.199380819010627
1.2860827638190107,0.0,0.3910922441482205
2.624123262722315,0.0,0.8514844493139939
2.7861550519601312,0.0,0.7153223105291356
3.36695547976238,0.0,0.2781436404489108
1.627178121120538,0.0,0.8610629364797194
2.7806828061363578,0.0,0.046684819899273755
2.2496974854468768,0.0,0.8123173327141189
3.7849556877631763,0.0,0.8973973183215863
1.0725752916740658,0.0,0.7722675568375058
3.9225833314490712,0.0,0.6507883208469019
3.284858845986153,0.0,0.2057943769894217
2.287187107907998,0.0,0.6502969740735076
2.5889517350680196,0.0,0.7621745871816447
2.4681776122197663,0.0,0.9030975070493097
2.1596215204690834,0.0,0.5319329775527915
3.365342029759896,0.0,0.49794859258226387
3.1854720314848395,0.0,0.30835212167619874
12.415612351624674,5.0,4.964827098512092
1.0497634867835686,0.0,0.7379277689988003
3.9435585340822703,0.0,0.9658366688075836
3.7000559255443153,0.0,0.4054716763304185
1.3778655891380747,0.0,0.5861823540883414
3.7917856439317488,0.0,0.9154162014667034
2.05887551035707,0.0,0.7133217295012723
2.7405171076819967,0.0,0.6195825928270868
1.331422339394184,0.0,0.5807685836144216
8.308006227942066,2.0,6.045745625206349
2.481442121370786,0.0,0.5888102701562232
3.787684160895562,0.0,0.9489162181887151
3.5762928380484165,0.0,0.6693483507627961
12.620534187524491,2.0,5.531296831854015
1.9502850312025801,0.0,0.3270067684961021
1.7451508262296227,0.0,0.2211476101106934
1.6226228086171104,0.0,0.09019570020024437
2.052745037656236,0.0,0.5383631021010228
3.9231844229984993,0.0,0.45688807173726687
1.482424154252496,0.0,0.7493694366449569
1.5417260353820006,0.0,0.25283740069028926
1.5888829069332011,0.0,0.14601690559210823
1.2081822577125503,0.0,0.8610088213080136
1.426411371380373,0.0,0.4159136542975095
2.573534168710764,0.0,0.4111134169948486
10.381327869349514,5.0,6.998503008596095
2.90929074863091,0.0,0.8146250560259172
3.620855586211646,0.0,0.15750054807580383
13.726686169117931,4.0,6.127642787525209
3.778582205295346,0.0,0.36716962569502265
1.4032440308169227,0.0,0.41114433647998705
1.509643018152206,0.0,0.21380121066273283
3.9434311953754655,0.0,0.06121665814357202
3.251844254922575,0.0,0.6831142857230466
12.643616772942034,3.0,5.415622668847268
1.4093192576701994,0.0,0.7447507316299222
3.465492839756078,0.0,0.7423102455337244
1.5463537470660977,0.0,0.32314521727941725
9.57530138012,4.0,5.16606771260477
3.107621504604421,0.0,0.4238081851735742
2.30837958740595,0.0,0.7814620887547092
2.805770293045395,0.0,0.8059058425334413
2.8786609648942463,0.0,0.6844353610693075
1.1084811415742863,0.0,0.6842090751884866
3.5064406772265833,0.0,0.46010262655768797
2.3552184279443313,0.0,0.5782297861695137
2.8967928637585914,0.0,0.6410861035821595
3.10290739437736,0.0,0.9413343927869017
2.5217044260651775,0.0,0.6258411949823758
1.0661984460468725,0.0,0.7841871792320796
2.6625340075473805,0.0,0.1567604286516393
1.5747788372044773,0.0,0.5802285321991417
1.1506780343919214,0.0,0.30328102606544527
3.882760440786474,0.0,0.35954314452000347
1.3077038877507694,0.0,0.9319127325974559
2.9809081591040143,0.0,0.2401515960220142
3.4740428977754476,0.0,0.718699265972796
2.451407619581942,0.0,0.9273664094615535
1.1356818667316142,0.0,0.24696116699189252
2.1300293212883874,0.0,0.6867677955971696
3.999153019858392,0.0,0.4852304557653562
2.548901044903586,0.0,0.43771682493354136
1.2187055061037104,0.0,0.3625832125946771
1.8859044327154983,0.0,0.5434058521982641
3.7585930739681492,0.0,0.6751298858444197
2.657098413451703,0.0,0.45427072436042526
2.413861502194494,0.0,0.29186717703639975
3.6762540668207033,0.0,0.7925397676213367
1.5232278013344986,0.0,0.4537537602503535
2.8927653706874903,0.0,0.02256858320237709
3.670016025452699,0.0,0.3027751282719672
3.843064077893412,0.0,0.887751524671688
8.36903441875183,5.0,5.079184231569457
1.3616752492110709,0.0,0.0669910943958476
1.10401080017945,0.0,0.24071258566350673
2.4951033182184394,0.0,0.4593436555939564
2.870757064008279,0.0,0.693400853429044
3.97542985404809,0.0,0.44980399070442867
3.9084112998261067,0.0,0.6812821105324338
3.5377643190331964,0.0,0.10613001930901944
2.8316402650462735,0.0,0.038591561938133845
2.4688733861507344,0.0,0.9680725029096784
1.4718196245391462,0.0,0.17127341066623958
3.8844769737223364,0.0,0.5650722830366937
1.5198829602125374,0.0,0.33632339427033353
1.9802276260901226,0.0,0.16392026204694488
11.572134335061872,4.0,5.331648384925613
1.7792613512809785,0.0,0.48790019527930184
3.5227261312087217,0.0,0.34450589339406323
3.1187384876657864,0.0,0.27038323531065633
3.596521377681941,0.0,0.7159846935417241
3.8485618709729263,0.0,0.5785418182035315
1.8224819996794177,0.0,0.2736663849214577
2.3158462575687713,0.0,0.31922529778618847
3.7451821975516673,0.0,0.22777834161780142
3.219712362300791,0.0,0.8193982309664928
3.6579332447085613,0.0,0.5028755200655849
1.7634439948547809,0.0,0.606719579782232
1.9172318723418733,0.0,0.9800519429764848
1.661458627210526,0.0,0.21150674928176805
1.487850818034674,0.0,0.4805599408362681
1.1167898899770023,0.0,0.6247953987187252
2.4305304049534513,0.0,0.3862363952990896
2.4665397407707603,0.0,0.11633172713326123
3.2096056850043775,0.0,0.200469047766359
3.416296987899959,0.0,0.19648265240291862
3.1307283958699346,0.0,0.9300053777910726
2.569988893584224,0.0,0.0854084828082653
3.1664297063677176,0.0,0.3022767004964485
2.785909797782467,0.0,0.628905144923615
2.741935677728902,0.0,0.8865895961689464
3.106322362341378,0.0,0.8179847710772054
9.018231434931469,3.0,7.388048141556334
1.1179364195232968,0.0,0.6032454226840298
3.464165088702083,0.0,0.406082132559771
3.089952471630677,0.0,0.2574792164924693
2.272392013907158,0.0,0.8349737856829623
1.8257175431110249,0.0,0.22006625478469177
1.0700562889845577,0.0,0.8868315394689592
1.9940410213091524,0.0,0.44863259161773417
2.978061766617348,0.0,0.07541217599278827
2.5419684674794323,0.0,0.2825502675186389
3.9079654368525367,0.0,0.9319441396543721
2.9684855130432144,0.0,0.7640955865788793
2.7794746571184046,0.0,0.5771997464225614
2.5609231027113797,0.0,0.42835180056884625
3.9847234679393058,0.0,0.4067737485720052
3.2965386969733292,0.0,0.17108596685716204
3.2092060451969218,0.0,0.06290747601802393
1.4514168130179925,0.0,0.0030208713561612477
1.3596732804181362,0.0,0.1855259752577192
3.0914910764139414,0.0,0.5231581498176416
3.69164727385998,0.0,0.43369433132038004
1.2418462155088053,0.0,0.8191073261776878
1.30073669116863,0.0,0.5189373642647569
3.6216702326875456,0.0,0.9840894639665142
1.9087927169212877,0.0,0.34233408246099073
3.407920937058789,0.0,0.97850596693269
9.025669361405514,3.0,7.32070897199835
1.2182890190925806,0.0,0.6766172335525065
3.006629593122056,0.0,0.9434281072652854
2.128778756592747,0.0,0.38722314121020696
2.213582156721609,0.0,0.378024949434402
2.1412600225226868,0.0,0.9680221720457387
2.8968464609129194,0.0,0.5182183156359275
3.8842498589261485,0.0,0.8442095857762321
2.8954405810500052,0.0,0.17478498788336594
2.7313512471637194,0.0,0.5218844619274783
2.2253596392120962,0.0,0.6692682917508349
1.1499370859790363,0.0,0.08464875358462898
1.0363254257046624,0.0,0.44206621311807504
2.7148229484488313,0.0,0.22264923522678537
2.803222500400699,0.0,0.6262592746624267
1.8335583282691368,0.0,0.9447500802102118
1.1868193176456567,0.0,0.773995087294009
3.806453540582487,0.0,0.44359970131818716
11.922192157430475,5.0,6.5370106138061495
2.2323664299988355,0.0,0.9600118808191255
2.583032398665085,0.0,0.39499027054903246
2.7497571769376705,0.0,0.4265919010543934
2.5224032012825086,0.0,0.6664073046949189
2.8981356362458026,0.0,0.4309830628472584
2.036442561170337,0.0,0.7357179867781098
3.683656680682274,0.0,0.6404472739932529
3.438398701772508,0.0,0.2048024090562095
2.1071590652827497,0.0,0.6185851490721154
2.330140043137563,0.0,0.19152132205014816
2.105346759749737,0.0,0.8487675852813142
1.6129491501969109,0.0,0.839408037609272
3.509326577409609,0.0,0.23227336479050076
3.154993526116012,0.0,0.8106038482601611
2.2438723711810713,0.0,0.4778673549131358
2.8698943804826738,0.0,0.7394692332387273
1.5453366016520858,0.0,0.17999961661068686
3.3607101587658854,0.0,0.0666598298233061
2.5266716667731677,0.0,0.6895342089054152
2.17737455868844,0.0,0.19201625096794883
1.9730012593461268,0.0,0.46980432144868156
1.3056771641980407,0.0,0.37320736910512686
3.0641366712223865,0.0,0.5337254136714444
2.1602060389016122,0.0,0.22697853947152102
1.1169880377247348,0.0,0.45825331476504794
2.8934158779917887,0.0,0.03926505164866023
1.9193904041284608,0.0,0.47675387550832815
2.6945233997878493,0.0,0.4490377603699617
1.6999984679479798,0.0,0.4107004005865431
3.1543692286794833,0.0,0.8515371718979257
1.6192638152818097,0.0,0.7548274583623312
1.2523829867781484,0.0,0.26380607494635755
1.3921311302205983,0.0,0.1948404916553641
2.5366657624380236,0.0,0.9673281113534697
2.8942567636551293,0.0,0.10448031675395808
1.6536741388802318,0.0,0.4429140980419636
3.6734293410942134,0.0,0.3547972896563887
3.6058695038668325,0.0,0.013281203458580082
1.3645041289027542,0.0,0.11750184021237331
1.6275563962237833,0.0,0.2594491710680763
2.042556385941264,0.0,0.5937057829514346
1.2861978319396319,0.0,0.7143875620372924
2.19450608077283,0.0,0.6463099336573813
2.8602182677855406,0.0,0.5041328419184383
1.0463698495866023,0.0,0.06844070924262613
3.620735872320332,0.0,0.5151670283865888
3.3690955214274374,0.0,0.5441086239394686
2.6579868033302447,0.0,0.03282549881924013
1.6960545409264323,0.0,0.4362144171200454
1.5640742038462485,0.0,0.8962567164715789
3.4478408169058516,0.0,0.5963935996924615
2.5001747775732603,0.0,0.2096609221117004
3.9268306025797446,0.0,0.941278928906798
3.6067149534361547,0.0,0.9200400525459036
1.4497522820463213,0.0,0.034376858351725215
3.950564418145666,0.0,0.6338894618324419
3.504841617083211,0.0,0.8283781456016462
1.769389183050298,0.0,0.44127433675006866
3.37778534886515,0.0,0.9456735370508046
1.3947030553817794,0.0,0.7023987210805986
1.756944208405459,0.0,0.46056600756225574
3.186943184967449,0.0,0.5541812554487988
1.7685745433180649,0.0,0.8050176932346278
3.286855404329847,0.0,0.9859341686249178
2.0643138755079526,0.0,0.1271026137707404
1.256042394981304,0.0,0.5193126926423032
3.274715427112274,0.0,0.008619002591780278
1.2012294321652823,0.0,0.26814322961192083
3.934662005579675,0.0,0.09328738472196851
2.9030910666150613,0.0,0.14810079862712744
3.0294512485618132,0.0,0.9928039781860144
1.0019601722838987,0.0,0.17076028345038563
1.190922727859927,0.0,0.6670368571253539
1.4820387541355355,0.0,0.5706831750719786
2.2550015923068405,0.0,0.030824618699370254
1.701136245731299,0.0,0.945017094248494
1.4298443761079231,0.0,0.6490806020188844
2.8129389467209593,0.0,0.670974709485785
2.8033450352296265,0.0,0.46073360024167387
9.232209108139912,5.0,7.639294563328241
1.1840488813320045,0.0,0.6860911539434869
3.598304636133504,0.0,0.8958121013985787
3.491858223363187,0.0,0.7777279100677931
1.0363093503283223,0.0,0.05515659060178546
3.873802363170311,0.0,0.8205764393338497
8.11503746449939,3.0,4.7449797531990985
1.1558697326628051,0.0,0.4771463759890493
1.712629974771633,0.0,0.6720595026617354
3.8149471859539483,0.0,0.09103631494544173
2.991413582865415,0.0,0.1873467913267889
1.3056793026188105,0.0,0.4940116705993056
3.443160337806284,0.0,0.20450433869279583
1.929420625967407,0.0,0.5967229901062171
1.4905716177550683,0.0,0.3759712219291391
2.921845550646662,0.0,0.6637916239414441
3.391886097338661,0.0,0.5287073198840526
1.6572064273055733,0.0,0.7295214219764384
2.5317422723786795,0.0,0.24150622685606127
3.2172009278181175,0.0,0.642833390815738
1.202051804406315,0.0,0.4111272782593792
3.2069893427175695,0.0,0.30276760761742505
3.7464648927641253,0.0,0.26799726688437797
2.9377517239948037,0.0,0.3209970456408978
3.841850018835446,0.0,0.4672609960075026
11.341066478807376,5.0,5.488981180744286
3.9260294004372116,0.0,0.7584036730342032
3.4796532225743926,0.0,0.7873488484097071
1.7123004051244188,0.0,0.3564047358496647
3.6643545668021074,0.0,0.6448560434297268
2.8205408666204175,0.0,0.6773418460815164
2.2473253105699658,0.0,0.6547757512842602
1.7272291972452407,0.0,0.9533071675823725
8.803647316400003,5.0,6.667621546736841
2.645257488980688,0.0,0.43558915801270903
1.5048357655231386,0.0,0.4071737385988753
2.2378655225458712,0.0,0.13031798809129091
1.0461846750739254,0.0,0.6918639081608444
1.0942875570602029,0.0,0.9812575773912768
1.1873727808572143,0.0,0.25629237536921756
1.374462441900545,0.0,0.9474279980597932
3.9066335658570743,0.0,0.007091812774370987
3.729829431563176,0.0,0.6041739381725918
1.446664150997334,0.0,0.2961767655589985
1.4113291171869973,0.0,0.7804711383801549
2.52508164074884,0.0,0.6928784276966522
1.522328006002253,0.0,0.7549325397850504
2.6174838300257637,0.0,0.19494276897015983
1.2635994974345,0.0,0.7136602831121538
2.55498895709121,0.0,0.635323346708321
2.244476966564056,0.0,0.08389796062890931
3.0037599964108814,0.0,0.4346781483164702
3.622922002411242,0.0,0.9039816965892853
2.35731854839808,0.0,0.36229349000020483
1.5040426232345903,0.0,0.5095088732242019
1.7738248831454668,0.0,0.4890484004492832
2.8388187474835767,0.0,0.8543995133256802
3.1397343616689852,0.0,0.9536326078296895
2.1979477474279245,0.0,0.5572518333184107
2.926976577715682,0.0,0.5552958253281813
3.914185282124919,0.0,0.052023755029446894
2.350762738428671,0.0,0.5683191510779255
1.9237898247735727,0.0,0.7880351495750221
1.7220781354975148,0.0,0.2723153971810828
1.741693223209531,0.0,0.8022736971474778
3.6585873413952235,0.0,0.3320007021176792
2.9951679670198934,0.0,0.3109730213830333
3.5773352729407497,0.0,0.7253896016618326
3.8377739320962596,0.0,0.33300763305224423
1.1901249114183032,0.0,0.7040314525916569
2.7908356702395176,0.0,0.3811005136118141
1.2332039108949546,0.0,0.8643662664559733
2.228236215451055,0.0,0.6233144337590575
13.420446535176758,4.0,5.173558702331913
12.18254682956455,4.0,4.0124866054256385
1.2134670366337292,0.0,0.7461309782386423
3.950701619540989,0.0,0.4131944788027977
3.5254863302748163,0.0,0.40918258745848857
1.8573506665776107,0.0,0.8194278536703651
10.652936828676872,5.0,7.430623952967309
1.7778902765973212,0.0,0.33735907835727963
3.017806354675379,0.0,0.7827456742513867
3.2741212630336496,0.0,0.42872514175148146
2.0356694284050763,0.0,0.9108242203303961
2.6902250934515624,0.0,0.8285302595815085
3.212071232163399,0.0,0.8453299756887267
3.8677564868659577,0.0,0.770437802792337
3.588391232629686,0.0,0.3594238268308171
2.1656743038110373,0.0,0.8668214856884892
3.2535341434252545,0.0,0.09093544991304114
2.376821549790461,0.0,0.8920743510936207
2.830675448432924,0.0,0.5701872157998045
1.8430134967261407,0.0,0.654907123147859
1.2503922549681499,0.0,0.5780721020124125
2.8535417206036415,0.0,0.40252635549014204
1.7699416215582873,0.0,0.7356426600113652
2.7459142057431962,0.0,0.2531989070128102
2.9875668530619457,0.0,0.3204012861402149
3.4046113356489687,0.0,0.8076258695629751
3.8108734690931882,0.0,0.8885992804371524
1.84743623193108,0.0,0.17884106850779935
3.485407898347351,0.0,0.053576559607407925
1.9118392037221714,0.0,0.12875443736805547
3.0711844858880957,0.0,0.4983330282942372
3.299545148597754,0.0,0.7327234154133065
3.4539010723571866,0.0,0.08421301117709834
1.4033053882243656,0.0,0.9639160120731884
2.212420964953099,0.0,0.36672190859379905
3.411875522657561,0.0,0.3962772624917006
2.8354930603096644,0.0,0.91101569997922
2.9040138197618246,0.0,0.1928396089422456
2.1644971183809867,0.0,0.5428781323608052
1.538068030867723,0.0,0.3794613805934648
3.963004023989941,0.0,0.9361765641665052
3.1429799072049924,0.0,0.6447199773818176
3.4663094818006766,0.0,0.15939488477140218
1.3919570314703886,0.0,0.859324951070476
3.3127366112374657,0.0,0.3540645623550941
2.0350505197736983,0.0,0.46503532473067277
1.6187563415084578,0.0,0.25736545840163405
1.633695494418793,0.0,0.6694120642536434
13.79706814900722,3.0,7.888383972849244
1.3937346330471627,0.0,0.5032204148586344
3.121715902940196,0.0,0.2600480402524339
3.6387455648545877,0.0,0.21526904578583428
1.0172759814943646,0.0,0.17449848639795518
2.778852554304782,0.0,0.28467473884646366
3.0778778566784935,0.0,0.24344261676541068
1.2009208360758146,0.0,0.9797343347738597
2.6561415425559405,0.0,0.6182850210137198
11.558935973162805,5.0,5.805983756477777
3.682282907599752,0.0,0.8610333999722404
2.942424142463809,0.0,0.9814214249220252
2.4225214872619754,0.0,0.5768079196382558
3.7052859764062704,0.0,0.9016312294863601
2.1241659115221294,0.0,0.40381100524749924
3.486126951454019,0.0,0.11039423424993378
1.8833972786257531,0.0,0.7032772277324516
3.952039489631393,0.0,0.7800840237349648
3.78110363438892,0.0,0.6382244150406114
2.672011508719024,0.0,0.9638176611881805
2.42663811246048,0.0,0.9377046153793677
2.958238323555624,0.0,0.5877984493716848
1.005976405657211,0.0,0.03279987427689601
2.2563799572224843,0.0,0.42983125751300255
2.8419109189756977,0.0,0.8818548008206828
3.796354847450837,0.0,0.11239702717601296
1.4125628324379798,0.0,0.9192080310537252
1.9400437527554293,0.0,0.9009077302669907
12.23739499119069,2.0,6.2325366325128595
2.839875054662137,0.0,0.19668855823121312
3.280869469366405,0.0,0.2217794919335464
3.909729556485983,0.0,0.9868959453882975
3.586382851796352,0.0,0.628030464569537
3.245153049028694,0.0,0.6979904714977925
1.9329469651469866,0.0,0.5470453456155777
2.68203488481685,0.0,0.6177269240617943
1.5990213464750793,0.0,0.0005979388347953085
2.517873723204795,0.0,0.6702539760443592
2.3007483778978433,0.0,0.01363984583588107
2.8343627063039434,0.0,0.828185869323453
1.1735333483414818,0.0,0.43946537435844213
1.4891060107947731,0.0,0.9308328641758075
3.044508166671788,0.0,0.9546663568790689
1.3965389732616154,0.0,0.4698454349836749
13.933254272825259,3.0,6.233537910280887
1.5756019741562288,0.0,0.007357829625414536
3.6909858680932333,0.0,0.788118939945219
2.4617960623001522,0.0,0.5897290360764658
1.45429694310989,0.0,0.48499228457749954
1.7106116769234463,0.0,0.5242547205377367
1.1444285079350602,0.0,0.5366075092637743
3.077308453973109,0.0,0.24746298123314636
1.8623849946917503,0.0,0.31521673737728606
2.077626240948071,0.0,0.9190382770286711
10.884284338906136,5.0,4.908005197353683
1.3851828683623757,0.0,0.6509717452185445
3.841745732151576,0.0,0.797998035219224
2.531711226185511,0.0,0.29797979466226954
2.5351223413441026,0.0,0.39295076499135306
1.484088403166151,0.0,0.6370475535036275
1.3764588903974522,0.0,0.5877032283414765
1.880466469624365,0.0,0.48379689658279634
1.2482105068545697,0.0,0.6176945861885909
3.2552409771875213,0.0,0.24995898123949556
3.031361919205028,0.0,0.27034859049558435
1.2770815843341357,0.0,0.6500924511399314
3.0839228766811835,0.0,0.5298338889620703
2.115217884718991,0.0,0.36829546765570953
3.0916281457289103,0.0,0.7507902311797877
1.1181755010784582,0.0,0.7235807004399809
3.2372013481936963,0.0,0.23936983634204634
1.2236519310393126,0.0,0.8881913496613041
2.922478944070619,0.0,0.6154289150329266
1.6759507898537054,0.0,0.8505801973065994
1.2523204183449923,0.0,0.7514233175313026
1.0265898553404067,0.0,0.7583847715899178
1.3329684076404433,0.0,0.5663228801665321
1.3042624853476497,0.0,0.5494118320609646
3.3826319876482165,0.0,0.423358027350786
1.0543305514625216,0.0,0.6260547089808013
2.1935098765064707,0.0,0.5345545447560391
1.1260740255142159,0.0,0.0070965324948871755
2.948526789122342,0.0,0.316684356016926
3.17715852516508,0.0,0.8777494048626249
1.4879824453164554,0.0,0.34823063970736867
2.3015317685657326,0.0,0.9232995082699295
2.594063894704444,0.0,0.8051743973603768
1.6388924845267323,0.0,0.615069754014698
1.9387586440864677,0.0,0.9986173191643847
3.4387030273902326,0.0,0.9881240759546354
1.0044214662589344,0.0,0.6214644226567846
1.2407012369849266,0.0,0.974904272810235
2.5081611702774373,0.0,0.2746658697879054
3.0497762909787878,0.0,0.48018351526188785
2.7697530605638994,0.0,0.4528248052843268
1.9142532861584,0.0,0.12646424540357115
2.8489014577771723,0.0,0.7921899382752451
3.2995819486648816,0.0,0.9426097101586556
3.9532065421106566,0.0,0.9148349499968781
1.2793083034176975,0.0,0.3418490419172582
3.0326268023768597,0.0,0.557424744670142
1.805601268202822,0.0,0.986349922944162
2.697344664522989,0.0,0.24674742066738087
2.749572412831293,0.0,0.09691732706699485
3.6940916468499605,0.0,0.09737672910800421
2.4635621317790872,0.0,0.915138820404896
3.276145963491762,0.0,0.7296784136472413
1.539049326610726,0.0,0.2650472874092833
1.3241336781292214,0.0,0.339203431271918
1.8918616128439796,0.0,0.3985592241441276
2.6506796264687855,0.0,0.08325765805063212
2.7575943653605575,0.0,0.3523088842091783
3.0563316496657045,0.0,0.24894352479687276
3.039091650500036,0.0,0.20989284230499716
3.0775972946113237,0.0,0.3207121649842939
2.8739907065627914,0.0,0.38646256432793524
2.38467242325937,0.0,0.33799878102849
1.488803281244289,0.0,0.33242669217436516
2.553134930154134,0.0,0.23568253457588495
1.9430503395512453,0.0,0.3835673910072921
2.252742327354785,0.0,0.8160567571143236
1.3755573766076514,0.0,0.6131162390692415
2.596340455795947,0.0,0.009087034951216322
3.414966999042309,0.0,0.01612464637221489
2.0832241790231114,0.0,0.23049483735152088
1.3532532486704234,0.0,0.14661455715984228
1.6832492083096287,0.0,0.9460756180688313
1.6333778276741122,0.0,0.41875899048265497
3.1453004838511003,0.0,0.2895827046707271
1.2270991819293624,0.0,0.09896862340870682
3.811685461709353,0.0,0.7326126992403987
3.160109609638223,0.0,0.4350145943402234
2.298300638797788,0.0,0.7087656323456546
3.3395361854534307,0.0,0.7768213672402811
1.1221864069569105,0.0,0.5049114512501393
3.058981590058292,0.0,0.9344107945712148
2.4647234110653344,0.0,0.7990821457719545
2.2086198478979115,0.0,0.06640535346049736
2.2678875910408274,0.0,0.8709675998625426
2.935655727533992,0.0,0.998421233923774
10.816609172924263,5.0,4.337082236723062
3.111099338887153,0.0,0.9336789061329351
3.280482789370477,0.0,0.25143015218746345
1.5622358322927465,0.0,0.14939938845377232
3.5047907103978972,0.0,0.4943708110457581
2.3737869833020837,0.0,0.8974190500781737
1.842049646547923,0.0,0.39480728287825606
1.361090728629958,0.0,0.11224107199158861
1.835929189345109,0.0,0.5484009367419117
2.946296158478158,0.0,0.2725577488154005
1.048730329628361,0.0,0.6897015348618686
2.5312974670126964,0.0,0.00040154402533987277
1.5169596136048895,0.0,0.25763199876352916
2.341607621514507,0.0,0.9406901877232318
3.270254517065905,0.0,0.48222523033732656
3.216600031399098,0.0,0.6591555446001344
10.51030002627963,3.0,4.121694158616343
1.5341079006092544,0.0,0.06605530782216007
1.034253950362221,0.0,0.4245726071859556
2.1909764866224224,0.0,0.9736921348501988
2.8759905098633616,0.0,0.7204160690923429
3.1761148007045725,0.0,0.5829984797183156
3.893429961702435,0.0,0.16695017903446918
1.8074847129748877,0.0,0.8562851280467623
2.870946334870798,0.0,0.43150811984764237
1.7186856720009174,0.0,0.4838602188643114
2.338017318873867,0.0,0.6866786117241295
9.120397964584226,3.0,7.753872849463249
2.43070031940391,0.0,0.5285842014374423
2.979070818791423,0.0,0.25345712967301626
3.2571936469113636,0.0,0.8271581484276234
1.500859266241596,0.0,0.5611502124351744
1.2223162677246013,0.0,0.031174909111921223
2.2558218247549897,0.0,0.6051016222371507
3.4010695234670845,0.0,0.45820480525221596
2.5448000497397785,0.0,0.9826524114935692
2.894125978144753,0.0,0.9201138133226288
3.593074749518911,0.0,0.5668584332940947
1.3836004036672527,0.0,0.07222934827247784
1.0579828927528032,0.0,0.8967465499077446
3.892052221353107,0.0,0.05196609813118025
1.5454749016213019,0.0,0.5383949792869577
2.708619338701311,0.0,0.5909160928272268
3.9545752082874275,0.0,0.9646904788284609
2.830022251238457,0.0,0.38114688203473557
3.084859358029143,0.0,0.6954884591776503
2.441759731979944,0.0,0.8008180998597503
3.294429402708986,0.0,0.5295336150224574
10.258325226406852,3.0,5.0408454717430144
2.406079479384911,0.0,0.22748160369353998
1.0762573802322857,0.0,0.7635158436682122
1.1405557255828094,0.0,0.9849291084414916
1.108056454874279,0.0,0.33645035181751015
3.9214012400714484,0.0,0.31325074048882195
1.4679835610086078,0.0,0.8660356750457565
2.5078937278903917,0.0,0.04929966240916994
3.33730775918736,0.0,0.19258163245852788
3.398231196727128,0.0,0.2272610535596623
11.742633143905117,2.0,5.183705395921153
1.4290033679971792,0.0,0.13260399074681106
1.2545131422555758,0.0,0.33217252206173253
3.11541743671169,0.0,0.5065499999085472
1.020633886658948,0.0,0.18583205556534255
1.7360569424986332,0.0,0.688292998427255
3.297575931654226,0.0,0.7164762626421669
3.0770767673831743,0.0,0.9737425820384935
1.7585743547503334,0.0,0.48528071711019827
2.494767046790361,0.0,0.5434844285830145
3.460202506166948,0.0,0.6615243241461749
12.118199639472078,2.0,4.142993577863459
9.47762440461904,4.0,5.299195661521442
3.637990647035422,0.0,0.8623349164397316
12.948338984461522,3.0,5.157409640888985
1.5356339861630008,0.0,0.057002387551933986
2.6525721118274177,0.0,0.2583004291275922
1.207022777838449,0.0,0.667351163050396
3.9703265382605974,0.0,0.995604201803506
3.4676117287695067,0.0,0.549717255163311
1.4610731285326137,0.0,0.20299355919119721
2.670635329516288,0.0,0.8386217961980568
2.9252031918956747,0.0,0.8033045735180335
1.247143136847528,0.0,0.9077612436501786
3.406590942262119,0.0,0.8196248695476449
1.6659164857988484,0.0,0.09135324272355583
2.6280882494747453,0.0,0.9347955174927833
2.721597549031289,0.0,0.5208155861440822
2.999565930079105,0.0,0.4756550309249171
9.3585776305259,3.0,7.029182288284772
10.133731995545393,3.0,6.199915945535457
2.266576701642034,0.0,0.25625492388907256
3.712476083481245,0.0,0.14281430447286736
2.3511128087745554,0.0,0.8898363940883107
3.3099806592958325,0.0,0.48978586798824075
8.202734905689493,4.0,6.4256391069752015
3.351214753225709,0.0,0.3763118169549976
2.9324476644277477,0.0,0.5365781900286203
1.8948173627023683,0.0,0.2906429693065311
2.517666036653398,0.0,0.8679995918950899
1.962563628249531,0.0,0.9546376520064683
1.869254358741304,0.0,0.6254334501665935
3.0597697404778206,0.0,0.4841844983225968
1.4175901040370866,0.0,0.183579627355146
2.175432683851515,0.0,0.956019710486567
1.7295165729983624,0.0,0.04900464497127355
2.040859605688683,0.0,0.9824825806012478
1.836279617243659,0.0,0.8750086997439702
1.3975740182255452,0.0,0.7746526197930176
3.382075567810888,0.0,0.18176359776119422
1.6975179766234936,0.0,0.5877954050663722
3.7012541714899916,0.0,0.8484717744062646
3.5992695506191006,0.0,0.9328462213602992
3.8138956943016824,0.0,0.013949018691911452
3.635889959065474,0.0,0.24581858702257464
2.1732446099552822,0.0,0.756310096980294
2.6407866279564307,0.0,0.40788492685035893
2.9476309063481905,0.0,0.21877170841087967
3.755192626244674,0.0,0.00970035492304222
3.0323142136848835,0.0,0.2754466797905091
3.2227121684562143,0.0,0.8496001749824581
3.3133684475556597,0.0,0.4382986080331659
1.6988784242609012,0.0,0.13574585309990106
3.4090062158735113,0.0,0.6095285097540636
3.0554029296234524,0.0,0.16883360665257008
1.4767245030080607,0.0,0.11324345163981986
3.5330712482188478,0.0,0.7828486179866575
2.98515604793187,0.0,0.9628704940018097
1.2871436665604852,0.0,0.19333923361205219
2.490300576577508,0.0,0.5087059842162667
1.1808021708686827,0.0,0.35000686847317874
2.386886683001822,0.0,0.7394746538841134
2.985517569548136,0.0,0.16427044945592806
2.8603977934046103,0.0,0.4207365625686168
1.361162736367267,0.0,0.14383447099031088
1.9644871037436458,0.0,0.48235620858275297
2.8402455878073694,0.0,0.20399460360938737
1.542675704136695,0.0,0.7387780289185977
2.6660906528128936,0.0,0.44730275625260063
3.0113030013907527,0.0,0.7691698695235875
11.285671904856857,5.0,6.967225900984689
3.444475341239537,0.0,0.8319415416880521
2.084211337201559,0.0,0.8030756423377449
2.758689496050392,0.0,0.6495560067569618
3.370091308921184,0.0,0.4360704802193126
2.6438784669210786,0.0,0.6831755632398181
2.265484535616494,0.0,0.1548426816202274
1.4572480399912524,0.0,0.7426359896816905
3.6865696854886014,0.0,0.3009663196316217
3.5476702314825337,0.0,0.4271050453603432
3.700792333606211,0.0,0.004359579956580428
10.11459638923305,4.0,5.988094591108826
2.8825163896551103,0.0,0.41616094640615775
2.051762676419791,0.0,0.5089590404220475
1.4537404862048038,0.0,0.8050933767995262
3.7731885861295913,0.0,0.25715235110909584
2.3922854783605114,0.0,0.6447567265900929
1.6055603563688452,0.0,0.1356266160073134
3.0910472229858037,0.0,0.04149732550990637
3.8703994464528586,0.0,0.16249841547444144
1.8552855060815414,0.0,0.32073358231157123
2.4463962967595254,0.0,0.1728200514564523
1.6860303388108262,0.0,0.5422999756210791
2.7360262257171803,0.0,0.7226835744744866
3.362161080256999,0.0,0.25769564818917967
3.6334902344561226,0.0,0.9657704438842871
1.58749925240281,0.0,0.3368477014471527
3.128166465473159,0.0,0.07087170065487358
2.3656604472454035,0.0,0.5018695310245037
1.1359120293161336,0.0,0.26240837648930193
2.2204144028551704,0.0,0.78580848424435
2.2560854299830524,0.0,0.20698630300011955
3.262794920041068,0.0,0.8399982232439429
2.586811402081636,0.0,0.10015499750676693
8.455229847344285,3.0,7.215538834941014
1.3490991936564283,0.0,0.7619343757430971
2.8462623394625064,0.0,0.8202929606091773
2.3105521078455387,0.0,0.23812484325399874
3.1944590791093477,0.0,0.22149354885964
1.100840800549848,0.0,0.28045506476005533
3.632051359398516,0.0,0.2682760204535567
1.157065060562417,0.0,0.404519524458235
2.15679277754,0.0,0.36509392023180587
3.792271976810694,0.0,0.8798377479414679
2.1538332279363046,0.0,0.22152715190236705
2.390482131401717,0.0,0.7974205539416643
3.722699421778279,0.0,0.6276688771588087
3.460759956834669,0.0,0.6631478293998225
2.0098128345817616,0.0,0.21354285449034138
1.206141033171883,0.0,0.23448400678316994
2.0638664729223297,0.0,0.9287634212054924
2.5008356056232808,0.0,0.8171021330026149
2.5207613138855036,0.0,0.32662190574800876
1.5456402531974345,0.0,0.09132573433355706
2.151673664119634,0.0,0.5793134027884609
3.6816777491528727,0.0,0.2581076431734147
3.8086367387310696,0.0,0.950279223611407
1.7787293478251476,0.0,0.3736056595340591
3.2719306214033166,0.0,0.18863224642407483
1.8652163134562372,0.0,0.7712248152904037
2.703181953793164,0.0,0.1797978134950754
3.533997727270673,0.0,0.2137366879819107
1.9755701926740845,0.0,0.10233217953406315
1.6209777353152803,0.0,0.646046944096596
1.7660091212897324,0.0,0.10609204994795207
2.3956168368511546,0.0,0.6640122280676023
2.4520617175282124,0.0,0.4489117225927901
1.614952886247463,0.0,0.274212889124147
1.5727797552149305,0.0,0.17170998897368817
2.1335176411815597,0.0,0.9135780114026949
1.4477484092244217,0.0,0.9578353044485031
2.9155778429922568,0.0,0.9522600783623237
3.257405012759483,0.0,0.4318436923120297
1.5849255997008678,0.0,0.10551364640120109
10.267810133847705,4.0,6.219227033095792
1.5253694203910597,0.0,0.11309973942382245
2.2311487691068894,0.0,0.14602101929696254
3.358616956783174,0.0,0.005348988694222845
3.663112548274899,0.0,0.08670656759564022
2.7856385023806243,0.0,0.9562211736436277
12.198278462926023,3.0,6.232927001118644
3.6099074789430547,0.0,0.9720534746234882
1.6096692732582618,0.0,0.9055821375731322
3.1283165939019244,0.0,0.38853114800604205
1.2896034105863223,0.0,0.06068306895068232
2.8941279329301297,0.0,0.8286671435335939
3.4678016819789748,0.0,0.19202336913634455
2.5968756278543634,0.0,0.8030455246758799
2.7950724528932764,0.0,0.8279249545453125
3.5326369758584293,0.0,0.3714633393344715
1.0329874859754415,0.0,0.30946257644618236
2.441520841773487,0.0,0.09072088274783086
3.0263681360092765,0.0,0.02345902172115444
1.2451760372403347,0.0,0.5268171660504134
1.9807948490142373,0.0,0.1349784860716421
1.0773087962930534,0.0,0.3255033381261354
1.6662276120799617,0.0,0.7463138125690768
2.858763864693489,0.0,0.041082364955555284
2.8179909018130767,0.0,0.5842247888317181
3.5932997406050924,0.0,0.0403252397209507
2.855834134645553,0.0,0.09914611227762393
1.7478766874466247,0.0,0.19201608474003673
1.1641981207749577,0.0,0.6898960033133608
1.986467853545828,0.0,0.9124850542303685
1.8766546913856934,0.0,0.7026295764379158
2.6267116164755446,0.0,0.1716781950432169
3.8542894310854967,0.0,0.40465374164855017
3.888976011576984,0.0,0.07862671098975804
2.8103457801441336,0.0,0.7569268451270138
1.8140470953216878,0.0,0.8539428821418529
2.38161849182242,0.0,0.5368591465026183
3.6487444495561663,0.0,0.41174766759024317
3.3546909313344027,0.0,0.6770378148820102
2.976656410697972,0.0,0.05122429640431325
1.815849178385893,0.0,0.0014283430791767193
3.4777969256500487,0.0,0.9365656116580061
3.613613446789156,0.0,0.31725917435686757
3.1115712749029933,0.0,0.17478671504515797
3.8804068132163416,0.0,0.4648547808132707
2.2726660277409287,0.0,0.6427774134799279
1.4836638617620133,0.0,0.8082682112162782
3.0854336621427816,0.0,0.16823657910849188
3.4866500976478285,0.0,0.1681180975977251
3.4353093642704127,0.0,0.6691541555348508
3.9201478574944635,0.0,0.2518147020091317
2.2096318995514683,0.0,0.6042595159869252
3.670645007908523,0.0,0.4691774960927717
3.477132854682001,0.0,0.28192955175156076
3.0026732155630818,0.0,0.014196634471723701
1.8917134231258514,0.0,0.771243074033178
12.634987076577882,2.0,5.941379588537672
2.771043071376319,0.0,0.8078314518266223
2.7448668789675805,0.0,0.39718688631712884
2.048519116260456,0.0,0.8747470734889747
10.391012172823881,2.0,5.773013765899849
3.41144363558034,0.0,0.13865252911330372
1.8428035290621423,0.0,0.7694425794215568
3.716051925868191,0.0,0.4820173397769325
1.1302375985644575,0.0,0.7245579091588182
3.2528193950899547,0.0,0.8792043375853826
1.753507802645204,0.0,0.5838582673080154
1.8614138742537265,0.0,0.9094436640366311
3.638804490135286,0.0,0.12749972667198572
1.0995680636872787,0.0,0.4271124464193341
2.0639986149552483,0.0,0.6874648040497281
2.6457652451640654,0.0,0.5830186474441363
2.6959907637148297,0.0,0.4819001671099774
1.6127263191052865,0.0,0.8839977768711867
3.7275257921607574,0.0,0.30932422435822293
1.8784661101028943,0.0,0.5689214058447163
3.8261746584657863,0.0,0.7011411313835769
10.645130676215096,2.0,5.3125887220602745
3.8542100266199713,0.0,0.7829236142575724
2.5643370671307686,0.0,0.579737114939772
1.973757489700811,0.0,0.3787033555811593
3.4355983720311394,0.0,0.9022456230962314
1.6146438224521376,0.0,0.9752445352839586
2.7888096354461593,0.0,0.4051971425753297
2.289955642363179,0.0,0.44991278108550536
9.973518669264346,5.0,6.09973633697387
2.0753971856328177,0.0,0.31030848210454753
2.174577094533488,0.0,0.1519801824740512
3.425217216681073,0.0,0.7684210711172421
3.0076570897746002,0.0,0.8994530845538352
2.8609286540603938,0.0,0.8939335106699905
1.9140374172941224,0.0,0.1569026241461201
1.972988132054554,0.0,0.08387373855201208
1.8822023865303334,0.0,0.20307059292006213
12.46762207402028,2.0,7.687822520531
3.4708708322469204,0.0,0.8850153245472586
2.796935524531632,0.0,0.3456201689007895
3.9598903688765406,0.0,0.5119386306819278
3.231838877718031,0.0,0.7076205857405353
1.678237213031688,0.0,0.4541674701677638
1.670787515558358,0.0,0.22833125236861085
2.5427033152408347,0.0,0.30781915002611915
1.5961470446025172,0.0,0.2889685249210585
2.2984480066284076,0.0,0.6126843446746072
2.2060816506647223,0.0,0.5785853485929497
3.2093327068741684,0.0,0.7103515007123322
3.7452702052211295,0.0,0.22675861740051595
2.984111833211243,0.0,0.3662863862065222
1.2405400422457102,0.0,0.6892793212258371
3.6526193900452233,0.0,0.7779094067485368
1.9414804246732467,0.0,0.4407549434413178
3.1576053348167914,0.0,0.9655179182347664
2.697195891987373,0.0,0.19231577278435052
1.215327418679539,0.0,0.049781001523043766
2.633446998400789,0.0,0.9614175778465733
2.1793653946212377,0.0,0.29634807688058074
1.9125961589088427,0.0,0.476991915378175
1.7782703002938773,0.0,0.962732583861139
2.6693939120464663,0.0,0.6486950425330354
2.4864739486185954,0.0,0.6826711524627593
2.7019366588867104,0.0,0.9517024063905372
2.9785179449539814,0.0,0.7099330734342463
3.2711443440958763,0.0,0.46865163699638523
1.1906750508580708,0.0,0.15577326058017016
9.29002860962017,2.0,4.810627687961724
1.067407924960352,0.0,0.03342357243550376
3.1966746592286834,0.0,0.7806993041716287
2.6008076401806353,0.0,0.6634903451287101
3.8338426584220695,0.0,0.20930607583420857
2.337708119130245,0.0,0.36872515547084594
13.345972247865589,2.0,4.048719341666166
1.7567230605200848,0.0,0.11674790276879554
3.221428395860557,0.0,0.5448816860293935
3.0876973545064073,0.0,0.7812906474056922
2.0993846046141935,0.0,0.8431448650297454
3.0414979062241394,0.0,0.08741680787108386
1.4285258944429957,0.0,0.36372552113568424
2.119367855267151,0.0,0.3772519857156954
3.571692812109373,0.0,0.7807854833654764
